,unidad_academica,nro_inscripcion,sexo,nacionalidad,fecha_nac_alumno,fecha_egr_sec
0,FCEQN,FCEQN-877,2,1.0,1987,2004
1,FCEQN,FCEQN-1294,2,1.0,1987,2017
2,FCEQN,FCEQN-1351,1,1.0,1987,2011
3,FCEQN,FCEQN-1363,2,1.0,1987,2011
4,FCEQN,FCEQN-1367,2,1.0,1987,2011
5,FCEQN,1527,2,1.0,1982,1999
6,FCEQN,FCEQN-1532,1,1.0,1988,2011
7,FCEQN,FCEQN-1618,2,1.0,1986,2011
8,FCEQN,FCEQN-1647,2,1.0,987,2011
9,FCEQN,FCEQN-1665,2,1.0,1987,2005
10,FCEQN,FCEQN-1751,1,-1.0,1987,2011
11,FCEQN,FCEQN-1549,2,1.0,1988,2005
12,FCEQN,FCEQN-1829,1,1.0,1988,2005
13,FCEQN,FCEQN-826,1,1.0,1985,2003
14,FCEQN,FCEQN-2150,1,1.0,1978,2005
15,FCEQN,1767,2,1.0,1978,2011
16,FCEQN,FCEQN-1056,1,1.0,1978,2011
17,FCEQN,5200,2,1.0,1978,2011
18,FCEQN,1576,1,1.0,1978,2011
19,FCEQN,FCEQN-1283,2,1.0,1978,2011
20,FCEQN,FCEQN-600,2,1.0,1985,2003
21,FCEQN,FCEQN-1431,1,1.0,1985,1999
22,FCEQN,FCEQN-888,1,1.0,1985,2011
23,FCEQN,FCEQN-758,2,1.0,1986,2011
24,FCEQN,FCEQN-1181,1,1.0,1986,2011
25,FCEQN,1666,2,1.0,1986,2011
26,FCEQN,1701,2,1.0,1986,2011
27,FCEQN,1451,2,1.0,1986,2011
28,FCEQN,5107,1,1.0,1986,2011
29,FCEQN,350,2,1.0,1970,2011
30,FCEQN,FCEQN-2318,2,1.0,1989,2011
31,FCEQN,FCEQN-2411,2,1.0,1989,2011
32,FCEQN,FCEQN-2546,1,1.0,1989,2011
33,FCEQN,FCEQN-2645,2,1.0,1988,2011
34,FCEQN,4772,1,1.0,1971,2011
35,FCEQN,FCEQN-3005,2,1.0,1987,2011
36,FCEQN,FCEQN-3034,2,1.0,1988,2011
37,FCEQN,FCEQN-3036,1,1.0,1988,2011
38,FCEQN,FCEQN-3162,1,1.0,1984,2011
39,FCEQN,FCEQN-3240,1,1.0,1989,2011
40,FCEQN,FCEQN-895,2,1.0,1987,2004
41,FCEQN,FCEQN-1810,2,1.0,1988,2011
42,FCEQN,FCEQN-1992,1,1.0,1987,2005
43,FCEQN,FCEQN-1777,1,1.0,1988,2011
44,FCEQN,1764,1,1.0,1984,2011
45,FCEQN,FCEQN-2270,2,1.0,1988,2011
46,FCEQN,FCEQN-1213,1,1.0,1986,2011
47,FCEQN,FCEQN-1963,1,1.0,1984,2011
48,FCEQN,FCEQN-1165,1,1.0,1985,2011
49,FCEQN,1772,2,1.0,1984,2011
50,FCEQN,FCEQN-3296,2,1.0,1990,2007
51,FCEQN,FCEQN-3384,1,1.0,1987,2011
52,FCEQN,FCEQN-3400,2,1.0,1987,2005
53,FCEQN,FCEQN-3456,2,1.0,1989,2011
54,FCEQN,FCEQN-3467,1,1.0,1989,2007
55,FCEQN,FCEQN-3511,1,1.0,1989,2011
56,FCEQN,FCEQN-3529,2,1.0,1989,2011
57,FCEQN,FCEQN-3578,2,1.0,1987,2011
58,FCEQN,FCEQN-3607,2,1.0,1989,2007
59,FCEQN,FCEQN-3657,1,1.0,1989,2011
60,FCEQN,FCEQN-3760,1,1.0,1988,2011
61,FCEQN,5853,2,1.0,1969,2011
62,FCEQN,FCEQN-3781,2,1.0,1990,2011
63,FCEQN,FCEQN-3786,2,1.0,1989,2011
64,FCEQN,FCEQN-1236,1,1.0,1986,2011
65,FCEQN,FCEQN-3887,2,1.0,1988,2011
66,FCEQN,FCEQN-3866,2,1.0,1989,2011
67,FCEQN,981,2,1.0,181,1998
68,FCEQN,1711,1,1.0,1984,2011
69,FCEQN,3260,2,1.0,1981,2011
70,FCEQN,5222,1,1.0,1972,2011
71,FCEQN,5060,1,1.0,1972,2011
72,FCEQN,FCEQN-3993,2,1.0,1990,2011
73,FCEQN,459,1,1.0,1990,2011
74,FCEQN,840,2,1.0,1990,2011
75,FCEQN,1488,2,1.0,1990,2011
76,FCEQN,1822,1,1.0,1990,2011
77,FCEQN,3428,2,1.0,1978,2011
78,FCEQN,3682,2,1.0,1978,2011
79,FCEQN,4305,2,1.0,1977,2011
80,FCEQN,4865,1,1.0,1977,2011
81,FCEQN,6068,2,1.0,1977,2011
82,FCEQN,6816,1,1.0,1983,2011
83,FCEQN,FCEQN-2395,2,1.0,1987,2011
84,FCEQN,FCEQN-1371,2,1.0,1987,2004
85,FCEQN,FCEQN-2443,1,1.0,1988,2011
86,FCEQN,FCEQN-2771,1,1.0,1984,2011
87,FCEQN,FCEQN-731,1,1.0,1984,2011
88,FCEQN,FCEQN-2931,2,1.0,1988,2011
89,FCEQN,1674,1,1.0,1983,2011
90,FCEQN,1736,2,1.0,1984,2011
91,FCEQN,FCEQN-2941,1,1.0,1988,2011
92,FCEQN,FCEQN-1681,2,1.0,1988,2005
93,FCEQN,1687,2,1.0,1984,2011
94,FCEQN,FCEQN-2615,2,1.0,1989,2011
95,FCEQN,944,1,1.0,1975,2011
96,FCEQN,1024,2,1.0,1981,2011
97,FCEQN,FCEQN-2296,1,1.0,1988,2011
98,FCEQN,1439,2,1.0,1979,2011
99,FCEQN,1382,2,1.0,1976,2011
100,FCEQN,FCEQN-2777,1,1.0,1988,2011
101,FCEQN,FCEQN-3390,2,1.0,1989,2011
102,FCEQN,FCEQN-1755,2,1.0,1978,2005
103,FCEQN,FCEQN-2369,2,1.0,1989,2011
104,FCEQN,FCEQN-1116,1,1.0,1987,2011
105,FCEQN,FCEQN-778,2,1.0,1985,2011
106,FCEQN,FCEQN-1168,1,1.0,1984,2011
107,FCEQN,2920,2,1.0,1977,2011
108,FCEQN,FCEQN-337,2,1.0,1986,2003
109,FCEQN,6960,2,1.0,1984,2011
110,FCEQN,5689,2,1.0,1984,2011
111,FCEQN,FCEQN-941,2,1.0,1985,2011
112,FCEQN,FCEQN-3342,2,1.0,1990,2011
113,FCEQN,FCEQN-3367,1,1.0,1989,2011
114,FCEQN,FCEQN-3379,2,1.0,1989,2011
115,FCEQN,FCEQN-3406,2,1.0,1990,2011
116,FCEQN,FCEQN-3730,2,1.0,1989,2011
117,FCEQN,FCEQN-1434,1,3.0,1986,2004
118,FCEQN,FCEQN-2309,2,1.0,1989,2006
119,FCEQN,FCEQN-4149,2,1.0,1991,2008
120,FCEQN,FCEQN-4182,2,1.0,1990,2011
121,FCEQN,FCEQN-4192,1,1.0,1989,2007
122,FCEQN,FCEQN-4204,1,1.0,1987,2011
123,FCEQN,FCEQN-4242,2,1.0,1990,2011
124,FCEQN,FCEQN-4250,1,1.0,1991,2011
125,FCEQN,FCEQN-4269,1,1.0,1991,2008
126,FCEQN,FCEQN-4284,1,1.0,1991,2008
127,FCEQN,FCEQN-4303,1,1.0,1990,2008
128,FCEQN,FCEQN-4340,1,1.0,1989,2011
129,FCEQN,FCEQN-4359,1,1.0,1991,2008
130,FCEQN,FCEQN-4371,1,1.0,1989,2011
131,FCEQN,FCEQN-4379,2,1.0,1989,2011
132,FCEQN,FCEQN-4392,2,1.0,1989,2007
133,FCEQN,FCEQN-4411,2,1.0,1990,2008
134,FCEQN,FCEQN-4455,1,1.0,1991,2008
135,FCEQN,FCEQN-4463,1,1.0,1989,2007
136,FCEQN,FCEQN-4551,2,1.0,1989,2007
137,FCEQN,5849,2,1.0,1989,2011
138,FCEQN,FCEQN-4593,2,1.0,1991,2011
139,FCEQN,FCEQN-4631,1,1.0,1990,2011
140,FCEQN,FCEQN-4690,1,1.0,1989,2011
141,FCEQN,FCEQN-4700,2,1.0,1991,2011
142,FCEQN,FCEQN-4711,2,1.0,1991,2009
143,FCEQN,FCEQN-4749,2,1.0,1991,2009
144,FCEQN,FCEQN-4751,1,1.0,1992,2011
145,FCEQN,FCEQN-4864,1,1.0,202,2011
146,FCEQN,FCEQN-4867,2,1.0,1991,2011
147,FCEQN,FCEQN-4870,2,1.0,1991,2011
148,FCEQN,FCEQN-4902,2,1.0,1991,2011
149,FCEQN,FCEQN-4904,1,1.0,1990,2011
150,FCEQN,728,1,1.0,1973,2011
151,FCEQN,FCEQN-4951,2,1.0,1991,2009
152,FCEQN,FCEQN-4987,1,1.0,1991,2011
153,FCEQN,FCEQN-5011,1,1.0,1992,2009
154,FCEQN,FCEQN-5025,2,1.0,1992,2009
155,FCEQN,FCEQN-5105,1,1.0,1990,2010
156,FCEQN,FCEQN-5110,1,1.0,1991,2011
157,FCEQN,FCEQN-5111,2,1.0,1993,2011
158,FCEQN,FCEQN-5113,2,1.0,1993,2010
159,FCEQN,FCEQN-5115,2,1.0,1993,2011
160,FCEQN,FCEQN-5116,2,1.0,1978,2011
161,FCEQN,FCEQN-5117,1,1.0,1990,2011
162,FCEQN,FCEQN-5120,1,1.0,1991,2011
163,FCEQN,FCEQN-5121,2,1.0,1993,2011
164,FCEQN,FCEQN-5122,2,1.0,1984,2011
165,FCEQN,FCEQN-5123,1,1.0,1992,2011
166,FCEQN,FCEQN-5124,1,1.0,1991,2009
167,FCEQN,FCEQN-5126,2,1.0,1989,2011
168,FCEQN,FCEQN-5128,2,1.0,1991,2011
169,FCEQN,FCEQN-5129,2,1.0,1992,2011
170,FCEQN,FCEQN-5131,2,1.0,1993,2011
171,FCEQN,FCEQN-5134,1,1.0,1991,2011
172,FCEQN,FCEQN-5135,2,1.0,1992,2011
173,FCEQN,FCEQN-5139,2,1.0,1991,2011
174,FCEQN,FCEQN-5140,2,1.0,1992,2011
175,FCEQN,FCEQN-5141,2,1.0,1993,2011
176,FCEQN,FCEQN-5143,1,1.0,1992,2011
177,FCEQN,FCEQN-5144,2,1.0,1993,2011
178,FCEQN,FCEQN-5145,2,1.0,1992,2011
179,FCEQN,FCEQN-5148,2,1.0,1993,2011
180,FCEQN,FCEQN-5152,2,1.0,1992,2010
181,FCEQN,FCEQN-5160,2,1.0,1991,2011
182,FCEQN,FCEQN-5161,2,1.0,202,2011
183,FCEQN,FCEQN-5162,2,1.0,1992,2011
184,FCEQN,FCEQN-5163,2,1.0,1989,2011
185,FCEQN,FCEQN-5164,2,1.0,1992,2011
186,FCEQN,FCEQN-5165,2,1.0,1992,2011
187,FCEQN,FCEQN-5170,2,1.0,1993,2011
188,FCEQN,FCEQN-5171,1,1.0,1993,2010
189,FCEQN,FCEQN-5174,2,1.0,1992,2011
190,FCEQN,FCEQN-5177,2,1.0,1985,2011
191,FCEQN,FCEQN-5180,2,1.0,1967,2011
192,FCEQN,FCEQN-5181,2,1.0,1992,2011
193,FCEQN,FCEQN-5182,2,1.0,1988,2011
194,FCEQN,FCEQN-5183,2,1.0,1993,2011
195,FCEQN,FCEQN-5197,2,1.0,1992,2011
196,FCEQN,FCEQN-5201,2,1.0,1974,2011
197,FCEQN,FCEQN-5203,2,1.0,1992,2011
198,FCEQN,FCEQN-5202,1,1.0,1993,2010
199,FCEQN,FCEQN-5206,1,1.0,1987,2010
200,FCEQN,FCEQN-5207,2,1.0,1993,2011
201,FCEQN,FCEQN-5208,1,1.0,202,2011
202,FCEQN,FCEQN-5209,2,1.0,1992,2011
203,FCEQN,FCEQN-5217,1,1.0,1992,2011
204,FCEQN,FCEQN-5218,1,1.0,1993,2011
205,FCEQN,FCEQN-5220,2,1.0,1990,2011
206,FCEQN,FCEQN-5221,2,1.0,1993,2011
207,FCEQN,FCEQN-5235,2,1.0,1992,2010
208,FCEQN,FCEQN-5236,1,1.0,1987,2006
209,FCEQN,FCEQN-5239,2,1.0,1988,2004
210,FCEQN,FCEQN-5240,1,1.0,1991,2009
211,FCEQN,FCEQN-5244,2,1.0,1993,2010
212,FCEQN,FCEQN-5246,1,1.0,1991,2011
213,FCEQN,FCEQN-5248,2,1.0,1993,2011
214,FCEQN,FCEQN-5250,2,1.0,1993,2011
215,FCEQN,FCEQN-5251,2,1.0,1991,2011
216,FCEQN,FCEQN-5255,1,1.0,1992,2010
217,FCEQN,FCEQN-5257,2,1.0,1993,2011
218,FCEQN,FCEQN-5260,1,1.0,1982,2011
219,FCEQN,FCEQN-5261,2,1.0,1987,2004
220,FCEQN,FCEQN-5263,2,1.0,1993,2011
221,FCEQN,FCEQN-5262,1,1.0,1993,2010
222,FCEQN,FCEQN-5265,1,1.0,1992,2010
223,FCEQN,FCEQN-5267,2,1.0,1992,2011
224,FCEQN,FCEQN-5268,2,1.0,1992,2011
225,FCEQN,FCEQN-5269,2,1.0,1993,2011
226,FCEQN,FCEQN-5272,1,1.0,1993,2011
227,FCEQN,FCEQN-5275,1,1.0,1992,2011
228,FCEQN,FCEQN-5276,1,1.0,1991,2011
229,FCEQN,FCEQN-5282,1,1.0,1993,2010
230,FCEQN,FCEQN-5283,2,1.0,1992,2011
231,FCEQN,FCEQN-5285,1,1.0,1993,2010
232,FCEQN,FCEQN-5286,2,1.0,1993,2011
233,FCEQN,FCEQN-5287,1,1.0,1993,2010
234,FCEQN,FCEQN-5294,1,1.0,1990,2011
235,FCEQN,FCEQN-5300,1,1.0,1992,2011
236,FCEQN,FCEQN-5302,1,1.0,1992,2011
237,FCEQN,FCEQN-5304,1,1.0,1992,2011
238,FCEQN,FCEQN-5305,1,1.0,983,2011
239,FCEQN,FCEQN-5307,1,1.0,1992,2011
240,FCEQN,FCEQN-5308,2,1.0,1993,2011
241,FCEQN,FCEQN-5310,1,1.0,1979,2011
242,FCEQN,FCEQN-5311,2,1.0,1992,2011
243,FCEQN,FCEQN-5313,1,1.0,1992,2011
244,FCEQN,FCEQN-5314,2,1.0,1992,2011
245,FCEQN,FCEQN-5317,2,1.0,1993,2011
246,FCEQN,FCEQN-5318,1,1.0,1993,2010
247,FCEQN,FCEQN-5319,1,1.0,1993,2011
248,FCEQN,FCEQN-5320,1,1.0,1991,2010
249,FCEQN,FCEQN-5325,2,1.0,1993,2010
250,FCEQN,FCEQN-5337,2,1.0,1993,2010
251,FCEQN,FCEQN-5338,2,1.0,1991,2011
252,FCEQN,FCEQN-5339,1,1.0,1992,2011
253,FCEQN,FCEQN-5341,1,1.0,1983,2011
254,FCEQN,FCEQN-5343,2,1.0,1990,2011
255,FCEQN,FCEQN-5344,2,1.0,1991,2011
256,FCEQN,FCEQN-5345,2,1.0,1993,2011
257,FCEQN,FCEQN-5351,1,1.0,1991,2011
258,FCEQN,FCEQN-5356,2,1.0,1993,2011
259,FCEQN,FCEQN-5357,1,1.0,1990,2010
260,FCEQN,FCEQN-5363,2,1.0,1991,2011
261,FCEQN,FCEQN-5368,1,1.0,1982,2011
262,FCEQN,FCEQN-5373,1,1.0,1982,2011
263,FCEQN,FCEQN-5374,1,1.0,1982,2011
264,FCEQN,FCEQN-5375,1,1.0,1982,2011
265,FCEQN,FCEQN-5376,1,1.0,1982,2011
266,FCEQN,FCEQN-5377,1,1.0,1982,2011
267,FCEQN,FCEQN-5380,2,1.0,1982,2011
268,FCEQN,FCEQN-5381,1,1.0,1982,2011
269,FCEQN,FCEQN-5388,2,1.0,1992,2011
270,FCEQN,FCEQN-5400,2,1.0,1993,2011
271,FCEQN,FCEQN-5402,2,1.0,1992,2011
272,FCEQN,FCEQN-5412,1,1.0,1992,2011
273,FCEQN,FCEQN-5415,2,1.0,1993,2011
274,FCEQN,FCEQN-5416,2,1.0,1993,2011
275,FCEQN,FCEQN-5421,1,1.0,1992,2011
276,FCEQN,FCEQN-5423,1,1.0,1993,2011
277,FCEQN,FCEQN-5424,2,1.0,1993,2011
278,FCEQN,FCEQN-5425,2,1.0,1992,2011
279,FCEQN,FCEQN-5428,2,1.0,1993,2011
280,FCEQN,FCEQN-5429,2,1.0,1993,2011
281,FCEQN,FCEQN-5434,1,1.0,1992,2011
282,FCEQN,FCEQN-5436,1,1.0,1992,2011
283,FCEQN,FCEQN-5442,1,1.0,1991,2011
284,FCEQN,FCEQN-5444,1,1.0,1993,2010
285,FCEQN,FCEQN-5445,2,1.0,1991,2011
286,FCEQN,FCEQN-5446,1,1.0,1993,2011
287,FCEQN,FCEQN-5455,2,1.0,1958,2011
288,FCEQN,FCEQN-5460,1,1.0,1993,2010
289,FCEQN,FCEQN-5463,2,1.0,1992,2010
290,FCEQN,FCEQN-5473,1,1.0,1988,2011
291,FCEQN,FCEQN-5475,1,1.0,1991,2011
292,FCEQN,FCEQN-5481,2,2.0,1992,2011
293,FCEQN,FCEQN-5484,2,1.0,1992,2010
294,FCEQN,FCEQN-5485,1,1.0,1992,2011
295,FCEQN,FCEQN-5487,2,1.0,1994,2010
296,FCEQN,FCEQN-5492,1,1.0,1992,2011
297,FCEQN,FCEQN-5496,2,1.0,1990,2009
298,FCEQN,FCEQN-5497,1,1.0,1964,2011
299,FCEQN,FCEQN-5499,1,1.0,1988,2011
300,FCEQN,FCEQN-5501,2,1.0,1992,2011
301,FCEQN,FCEQN-5502,2,1.0,1993,2011
302,FCEQN,FCEQN-5503,1,1.0,1991,2011
303,FCEQN,FCEQN-5504,2,1.0,1992,2011
304,FCEQN,FCEQN-5506,2,1.0,1991,2011
305,FCEQN,FCEQN-5507,2,1.0,1992,2011
306,FCEQN,FCEQN-5515,1,1.0,1992,2011
307,FCEQN,FCEQN-5520,2,1.0,1992,2011
308,FCEQN,FCEQN-5521,2,1.0,1991,2011
309,FCEQN,FCEQN-5522,2,1.0,1992,2011
310,FCEQN,FCEQN-5523,2,1.0,1992,2011
311,FCEQN,FCEQN-5524,2,1.0,1993,2011
312,FCEQN,FCEQN-5525,2,1.0,1993,2011
313,FCEQN,FCEQN-5526,2,1.0,1989,2011
314,FCEQN,FCEQN-5529,2,1.0,1992,2011
315,FCEQN,FCEQN-5530,1,1.0,1989,2011
316,FCEQN,FCEQN-5532,2,1.0,1992,2011
317,FCEQN,FCEQN-5534,2,1.0,1992,2011
318,FCEQN,FCEQN-5536,1,1.0,1993,2011
319,FCEQN,FCEQN-5541,2,1.0,1993,2011
320,FCEQN,FCEQN-5543,2,1.0,1993,2011
321,FCEQN,FCEQN-5544,2,1.0,1993,2011
322,FCEQN,FCEQN-5550,1,1.0,1987,2011
323,FCEQN,FCEQN-5551,2,1.0,1992,2011
324,FCEQN,FCEQN-5565,2,1.0,1988,2011
325,FCEQN,FCEQN-5567,2,1.0,1992,2011
326,FCEQN,FCEQN-5570,1,1.0,1992,2011
327,FCEQN,FCEQN-5571,1,1.0,202,2011
328,FCEQN,FCEQN-5573,1,1.0,1989,2011
329,FCEQN,FCEQN-5578,2,1.0,1993,2011
330,FCEQN,FCEQN-5580,2,1.0,1991,2011
331,FCEQN,FCEQN-5581,2,1.0,1990,2011
332,FCEQN,FCEQN-5584,2,1.0,1985,2011
333,FCEQN,FCEQN-5585,1,1.0,1991,2011
334,FCEQN,FCEQN-5588,1,1.0,1993,2011
335,FCEQN,FCEQN-5594,1,1.0,1987,2011
336,FCEQN,FCEQN-5595,1,1.0,1993,2011
337,FCEQN,FCEQN-5600,2,1.0,1986,2011
338,FCEQN,FCEQN-5602,2,1.0,1992,2011
339,FCEQN,FCEQN-5604,1,2.0,1102,2011
340,FCEQN,FCEQN-5605,2,1.0,1992,2011
341,FCEQN,FCEQN-5606,1,1.0,1991,2011
342,FCEQN,FCEQN-5612,2,1.0,1993,2011
343,FCEQN,FCEQN-5613,2,1.0,1992,2011
344,FCEQN,FCEQN-5614,2,1.0,1986,2011
345,FCEQN,FCEQN-5615,1,1.0,1993,2011
346,FCEQN,FCEQN-5617,2,1.0,1991,2011
347,FCEQN,FCEQN-5622,1,1.0,1992,2011
348,FCEQN,FCEQN-5625,2,1.0,1993,2011
349,FCEQN,FCEQN-5627,2,1.0,1992,2011
350,FCEQN,FCEQN-5629,2,1.0,1991,2008
351,FCEQN,FCEQN-5631,2,2.0,1993,2011
352,FCEQN,FCEQN-5324,2,1.0,1993,2011
353,FCEQN,FCEQN-5636,1,1.0,1992,2011
354,FCEQN,FCEQN-5639,2,1.0,1993,2011
355,FCEQN,FCEQN-5641,1,1.0,1992,2011
356,FCEQN,FCEQN-5648,2,1.0,1992,2011
357,FCEQN,FCEQN-5650,2,1.0,1993,2011
358,FCEQN,FCEQN-5651,1,1.0,1990,2011
359,FCEQN,FCEQN-5652,2,1.0,1993,2011
360,FCEQN,FCEQN-5667,1,1.0,1992,2011
361,FCEQN,FCEQN-5668,1,1.0,1992,2011
362,FCEQN,FCEQN-5671,1,1.0,1993,2011
363,FCEQN,FCEQN-5672,2,1.0,1992,2011
364,FCEQN,FCEQN-5679,2,1.0,1992,2011
365,FCEQN,FCEQN-5683,2,1.0,1990,2011
366,FCEQN,FCEQN-5686,2,1.0,1989,2011
367,FCEQN,FCEQN-5687,2,1.0,1991,2011
368,FCEQN,FCEQN-5692,1,1.0,1983,2011
369,FCEQN,FCEQN-5696,1,1.0,1993,2011
370,FCEQN,FCEQN-5698,1,1.0,1992,2011
371,FCEQN,FCEQN-5699,2,1.0,1993,2011
372,FCEQN,FCEQN-5703,1,1.0,1990,2011
373,FCEQN,FCEQN-5704,1,1.0,1992,2011
374,FCEQN,FCEQN-5705,2,1.0,1992,2011
375,FCEQN,FCEQN-5706,1,1.0,1992,2011
376,FCEQN,FCEQN-5707,1,1.0,1980,2011
377,FCEQN,FCEQN-5709,1,1.0,1990,2011
378,FCEQN,FCEQN-5711,1,1.0,1990,2011
379,FCEQN,FCEQN-5712,1,1.0,1993,2011
380,FCEQN,FCEQN-5716,2,1.0,1993,2011
381,FCEQN,FCEQN-2334,1,1.0,1988,2011
382,FCEQN,FCEQN-5720,2,1.0,1993,2011
383,FCEQN,FCEQN-5725,2,1.0,1992,2011
384,FCEQN,FCEQN-5726,2,2.0,1988,2011
385,FCEQN,FCEQN-5727,2,1.0,1993,2011
386,FCEQN,FCEQN-5728,1,1.0,1992,2011
387,FCEQN,FCEQN-5729,1,1.0,1991,2011
388,FCEQN,FCEQN-5734,2,1.0,1992,2011
389,FCEQN,FCEQN-5735,2,1.0,1991,2011
390,FCEQN,FCEQN-5738,2,1.0,1992,2011
391,FCEQN,FCEQN-5741,2,1.0,1991,2011
392,FCEQN,FCEQN-5743,1,1.0,1992,2011
393,FCEQN,FCEQN-5745,1,1.0,1988,2011
394,FCEQN,FCEQN-5748,2,1.0,1981,2011
395,FCEQN,FCEQN-5385,2,1.0,1982,2011
396,FCEQN,FCEQN-5749,2,1.0,1991,2011
397,FCEQN,FCEQN-5757,1,1.0,1992,2011
398,FCEQN,FCEQN-5761,1,1.0,1993,2011
399,FCEQN,FCEQN-5762,2,1.0,1992,2011
400,FCEQN,FCEQN-5766,1,1.0,1992,2011
401,FCEQN,FCEQN-5767,1,1.0,1993,2011
402,FCEQN,FCEQN-5367,2,1.0,1992,2011
403,FCEQN,989,1,1.0,1980,1996
404,FCEQN,FCEQN-5773,2,1.0,1986,2011
405,FCEQN,FCEQN-5168,2,1.0,1993,2011
406,FCEQN,FCEQN-5774,1,1.0,1992,2011
407,FCEQN,FCEQN-5775,1,1.0,1992,2011
408,FCEQN,FCEQN-5776,2,1.0,1983,2011
409,FCEQN,FCEQN-5576,1,1.0,1991,2011
410,FCEQN,FCEQN-5624,2,1.0,1991,2009
411,FCEQN,FCEQN-4891,2,1.0,1991,2009
412,FCEQN,FCEQN-5782,2,1.0,1981,2011
413,FCEQN,FCEQN-5747,1,1.0,1992,2009
414,FCEQN,FCEQN-4621,2,1.0,1991,2011
415,FCEQN,FCEQN-5783,1,1.0,1993,2010
416,FCEQN,FCEQN-5392,2,1.0,1993,2010
417,FCEQN,FCEQN-5155,2,1.0,1993,2010
418,FCEQN,FCEQN-5281,2,1.0,1992,2009
419,FCEQN,FCEQN-5190,2,1.0,1992,2011
420,FCEQN,FCEQN-5784,2,1.0,1991,2009
421,FCEQN,FCEQN-5417,2,1.0,1993,2010
422,FCEQN,FCEQN-5387,1,1.0,1982,2011
423,FCEQN,FCEQN-5572,2,1.0,1993,2011
424,FCEQN,FCEQN-5228,1,1.0,1993,2010
425,FCEQN,FCEQN-5489,2,1.0,1993,2011
426,FCEQN,FCEQN-5478,2,1.0,1992,2010
427,FCEQN,FCEQN-5792,2,1.0,1991,2011
428,FCEQN,FCEQN-5793,2,1.0,1993,2011
429,FCEQN,FCEQN-5456,1,1.0,1992,2009
430,FCEQN,FCEQN-5619,2,1.0,1992,2011
431,FCEQN,FCEQN-5723,2,1.0,1992,2011
432,FCEQN,FCEQN-5420,2,1.0,1992,2011
433,FCEQN,FCEQN-5467,2,1.0,1993,2011
434,FCEQN,FCEQN-5645,2,1.0,1992,2011
435,FCEQN,FCEQN-5348,1,1.0,1988,2011
436,FCEQN,FCEQN-5722,1,1.0,1993,2011
437,FCEQN,FCEQN-5628,2,1.0,1992,2010
438,FCEQN,FCEQN-5166,2,1.0,1993,2011
439,FCEQN,FCEQN-5474,1,1.0,1992,2010
440,FCEQN,FCEQN-5799,2,1.0,1993,2011
441,FCEQN,FCEQN-5750,2,1.0,1993,2011
442,FCEQN,FCEQN-5472,2,1.0,1992,2009
443,FCEQN,FCEQN-5469,2,1.0,1993,2010
444,FCEQN,FCEQN-5800,1,1.0,1992,2011
445,FCEQN,FCEQN-5717,1,1.0,1993,2010
446,FCEQN,FCEQN-5245,1,1.0,1990,2011
447,FCEQN,FCEQN-5214,1,1.0,1993,2010
448,FCEQN,FCEQN-5730,1,1.0,1992,2011
449,FCEQN,FCEQN-5592,1,1.0,1992,2011
450,FCEQN,FCEQN-5694,2,2.0,1992,2009
451,FCEQN,FCEQN-5293,1,1.0,1990,2011
452,FCEQN,FCEQN-5483,2,1.0,1992,2011
453,FCEQN,FCEQN-5279,1,1.0,1992,2011
454,FCEQN,1057,2,1.0,1979,2011
455,FCEQN,FCEQN-5198,2,1.0,1993,2011
456,FCEQN,FCEQN-5188,2,1.0,1993,2011
457,FCEQN,4996,1,1.0,1979,2011
458,FCEQN,FCEQN-5807,2,1.0,1985,2002
459,FCEQN,FCEQN-5169,2,1.0,1993,2011
460,FCEQN,FCEQN-5733,2,2.0,1993,2011
461,FCEQN,FCEQN-5808,2,1.0,1957,1974
462,FCEQN,FCEQN-5433,2,2.0,1992,2011
463,FCEQN,FCEQN-5697,2,1.0,1993,2011
464,FCEQN,FCEQN-5620,2,1.0,1993,2011
465,FCEQN,FCEQN-5765,1,1.0,1991,2011
466,FCEQN,FCEQN-5495,1,1.0,1992,2011
467,FCEQN,FCEQN-5390,1,1.0,1992,2011
468,FCEQN,FCEQN-5297,2,1.0,1992,2011
469,FCEQN,FCEQN-5295,2,1.0,1993,2011
470,FCEQN,FCEQN-5542,2,1.0,1993,2011
471,FCEQN,FCEQN-5659,1,1.0,1992,2011
472,FCEQN,FCEQN-5233,1,1.0,1993,2011
473,FCEQN,FCEQN-5383,2,1.0,1982,2011
474,FCEQN,FCEQN-5195,2,1.0,1992,2011
475,FCEQN,FCEQN-5398,1,1.0,1993,2010
476,FCEQN,FCEQN-5630,2,2.0,1993,2010
477,FCEQN,FCEQN-5391,2,1.0,1993,2011
478,FCEQN,FCEQN-5112,2,1.0,1991,2011
479,FCEQN,FCEQN-5649,1,1.0,1993,2010
480,FCEQN,FCEQN-5312,2,1.0,1990,2011
481,FCEQN,5863,2,1.0,1978,2011
482,FCEQN,60,1,1.0,1978,2011
483,FCEQN,309,2,1.0,1969,2011
484,FCEQN,428,1,1.0,1971,1992
485,FCEQN,775,1,1.0,1976,2011
486,FCEQN,1041,2,1.0,1979,2011
487,FCEQN,1568,2,1.0,1982,2011
488,FCEQN,3365,2,2.0,1981,2011
489,FCEQN,1963,2,1.0,1981,2011
490,FCEQN,2010,2,1.0,1981,2011
491,FCEQN,3138,1,1.0,1982,1999
492,FCEQN,3219,2,1.0,1982,2011
493,FCEQN,4319,1,1.0,1978,1997
494,FCEQN,4424,1,1.0,1981,2011
495,FCEQN,4470,1,1.0,1981,2011
496,FCEQN,4683,1,1.0,1967,2011
497,FCEQN,4687,1,1.0,1968,1985
498,FCEQN,4815,1,1.0,1968,2011
499,FCEQN,5103,1,1.0,1980,2011
500,FCEQN,5204,1,1.0,1984,2011
501,FCEQN,6697,2,1.0,1982,1999
502,FCEQN,6984,2,1.0,1985,2002
503,FCEQN,FCEQN-285,2,1.0,1985,2011
504,FCEQN,FCEQN-444,2,1.0,1984,2003
505,FCEQN,FCEQN-630,1,1.0,1985,2011
506,FCEQN,FCEQN-776,1,1.0,1977,2011
507,FCEQN,FCEQN-1555,2,1.0,1988,2005
508,FCEQN,FCEQN-1605,2,1.0,1988,2011
509,FCEQN,FCEQN-1652,1,1.0,1985,2011
510,FCEQN,FCEQN-1112,2,1.0,1985,2011
511,FCEQN,FCEQN-1173,2,3.0,1988,2004
512,FCEQN,FCEQN-1432,1,1.0,1985,2004
513,FCEQN,FCEQN-2298,2,1.0,1988,2011
514,FCEQN,FCEQN-2313,2,1.0,1989,2011
515,FCEQN,FCEQN-2462,1,1.0,1986,2011
516,FCEQN,FCEQN-2505,1,1.0,1989,2011
517,FCEQN,FCEQN-2614,2,1.0,1988,2011
518,FCEQN,FCEQN-2647,2,1.0,1989,2006
519,FCEQN,FCEQN-2721,1,1.0,1984,2011
520,FCEQN,FCEQN-2914,2,1.0,1988,2011
521,FCEQN,FCEQN-3074,1,1.0,1982,2011
522,FCEQN,FCEQN-3180,1,1.0,1987,2011
523,FCEQN,FCEQN-3311,2,1.0,1990,2011
524,FCEQN,FCEQN-3326,1,1.0,1984,2011
525,FCEQN,FCEQN-3458,1,1.0,1987,2011
526,FCEQN,FCEQN-3459,1,1.0,1990,2011
527,FCEQN,FCEQN-3536,1,1.0,1986,2011
528,FCEQN,FCEQN-3648,1,1.0,1987,2011
529,FCEQN,FCEQN-3667,2,1.0,1989,2011
530,FCEQN,FCEQN-3682,2,1.0,1989,2011
531,FCEQN,FCEQN-3684,2,1.0,1985,2011
532,FCEQN,FCEQN-3777,2,1.0,1989,2011
533,FCEQN,FCEQN-3793,1,1.0,1986,2011
534,FCEQN,FCEQN-3958,2,1.0,1989,2011
535,FCEQN,FCEQN-4120,1,1.0,1989,2011
536,FCEQN,FCEQN-4157,2,1.0,1990,2011
537,FCEQN,FCEQN-4173,1,1.0,1989,2007
538,FCEQN,FCEQN-4184,1,1.0,1991,2011
539,FCEQN,FCEQN-4193,2,1.0,1990,2007
540,FCEQN,FCEQN-4194,1,1.0,1990,2008
541,FCEQN,FCEQN-4206,2,1.0,1987,2011
542,FCEQN,FCEQN-4259,2,1.0,1991,2008
543,FCEQN,FCEQN-4281,1,1.0,1989,2008
544,FCEQN,FCEQN-4460,1,1.0,1991,2008
545,FCEQN,FCEQN-4582,1,1.0,1990,2011
546,FCEQN,FCEQN-4604,1,1.0,1983,2000
547,FCEQN,FCEQN-4620,2,1.0,1991,2009
548,FCEQN,FCEQN-4622,2,1.0,1990,2011
549,FCEQN,FCEQN-4682,2,1.0,1991,2011
550,FCEQN,FCEQN-4803,1,1.0,1985,2011
551,FCEQN,FCEQN-4808,1,1.0,1991,2011
552,FCEQN,FCEQN-4832,2,1.0,1989,2011
553,FCEQN,FCEQN-4835,1,1.0,1992,2011
554,FCEQN,FCEQN-4877,2,1.0,1990,2008
555,FCEQN,FCEQN-4889,2,1.0,1992,2011
556,FCEQN,FCEQN-4906,1,1.0,1992,2011
557,FCEQN,FCEQN-4931,2,1.0,1992,2011
558,FCEQN,FCEQN-4936,1,1.0,1992,2009
559,FCEQN,FCEQN-4956,2,1.0,1991,2011
560,FCEQN,FCEQN-4958,1,1.0,1992,2009
561,FCEQN,FCEQN-4964,1,1.0,1991,2009
562,FCEQN,FCEQN-4966,1,1.0,1991,2011
563,FCEQN,FCEQN-4988,2,1.0,1992,2011
564,FCEQN,FCEQN-4994,1,1.0,1992,2009
565,FCEQN,FCEQN-5001,1,1.0,1993,2011
566,FCEQN,FCEQN-5039,2,1.0,1992,2011
567,FCEQN,FCEQN-5072,1,1.0,1991,2011
568,FCEQN,FCEQN-5076,1,1.0,1988,2006
569,FCEQN,FCEQN-5109,2,1.0,1990,2011
570,FCEQN,FCEQN-5125,2,1.0,1992,2011
571,FCEQN,FCEQN-5127,2,1.0,1993,2011
572,FCEQN,FCEQN-5132,2,1.0,1993,2010
573,FCEQN,FCEQN-5137,2,1.0,1993,2011
574,FCEQN,FCEQN-5142,2,1.0,1990,2011
575,FCEQN,FCEQN-5146,2,1.0,1992,2011
576,FCEQN,FCEQN-5147,1,1.0,1992,2010
577,FCEQN,FCEQN-5149,1,1.0,991,2009
578,FCEQN,FCEQN-5151,2,1.0,1993,2011
579,FCEQN,FCEQN-5153,2,1.0,1993,2011
580,FCEQN,FCEQN-5156,1,1.0,1993,2011
581,FCEQN,FCEQN-5157,2,1.0,1988,2011
582,FCEQN,FCEQN-5158,1,1.0,1985,2011
583,FCEQN,FCEQN-5159,1,1.0,1992,2010
584,FCEQN,FCEQN-5172,2,1.0,1993,2011
585,FCEQN,FCEQN-5176,2,1.0,1991,2010
586,FCEQN,FCEQN-5178,1,1.0,1990,2011
587,FCEQN,FCEQN-5184,2,1.0,1992,2011
588,FCEQN,FCEQN-5186,1,1.0,1993,2011
589,FCEQN,FCEQN-5187,1,1.0,1991,2011
590,FCEQN,FCEQN-5189,2,1.0,1992,2011
591,FCEQN,FCEQN-5191,2,1.0,1993,2011
592,FCEQN,FCEQN-5192,1,1.0,1990,2011
593,FCEQN,FCEQN-5193,1,1.0,1993,2011
594,FCEQN,FCEQN-5194,2,1.0,1992,2011
595,FCEQN,FCEQN-5196,2,1.0,1993,2011
596,FCEQN,FCEQN-5204,1,1.0,1992,2011
597,FCEQN,FCEQN-5205,1,1.0,1991,2011
598,FCEQN,FCEQN-5210,2,1.0,1993,2010
599,FCEQN,FCEQN-5211,1,1.0,1992,2011
600,FCEQN,FCEQN-5212,2,1.0,1993,2011
601,FCEQN,FCEQN-5215,1,1.0,1993,2010
602,FCEQN,FCEQN-5219,1,1.0,1993,2011
603,FCEQN,FCEQN-5224,2,1.0,1993,2011
604,FCEQN,FCEQN-5225,2,1.0,1993,2011
605,FCEQN,FCEQN-5226,1,1.0,1991,2009
606,FCEQN,FCEQN-5231,2,1.0,1993,2010
607,FCEQN,FCEQN-5232,1,1.0,1993,2010
608,FCEQN,FCEQN-5234,1,1.0,1992,2010
609,FCEQN,FCEQN-5237,1,1.0,1992,2009
610,FCEQN,FCEQN-5241,2,1.0,1993,2010
611,FCEQN,FCEQN-5242,2,1.0,1993,2010
612,FCEQN,FCEQN-5247,1,1.0,1992,2011
613,FCEQN,FCEQN-5249,2,1.0,1993,2011
614,FCEQN,FCEQN-5253,2,1.0,1993,2011
615,FCEQN,FCEQN-5254,2,1.0,1992,2011
616,FCEQN,FCEQN-5258,2,1.0,1992,2010
617,FCEQN,FCEQN-5271,1,1.0,1991,2011
618,FCEQN,FCEQN-5274,1,1.0,1993,2010
619,FCEQN,FCEQN-5277,2,1.0,1992,2010
620,FCEQN,FCEQN-5289,2,1.0,1992,2011
621,FCEQN,FCEQN-5290,2,1.0,1993,2010
622,FCEQN,FCEQN-5291,2,1.0,1991,2011
623,FCEQN,FCEQN-5292,1,1.0,1984,2010
624,FCEQN,FCEQN-5299,1,1.0,1992,2010
625,FCEQN,FCEQN-5301,1,1.0,1991,2010
626,FCEQN,FCEQN-5303,2,1.0,1988,2011
627,FCEQN,FCEQN-5306,2,1.0,1993,2011
628,FCEQN,FCEQN-5309,1,1.0,1992,2011
629,FCEQN,FCEQN-5316,1,1.0,1981,2011
630,FCEQN,FCEQN-5321,1,1.0,1993,2011
631,FCEQN,FCEQN-5323,2,1.0,1993,2011
632,FCEQN,FCEQN-5326,2,1.0,1992,2010
633,FCEQN,FCEQN-5327,2,1.0,1993,2011
634,FCEQN,FCEQN-5328,1,1.0,1993,2010
635,FCEQN,FCEQN-5329,2,1.0,1992,2011
636,FCEQN,FCEQN-5330,2,1.0,1993,2011
637,FCEQN,FCEQN-5331,1,1.0,1993,2010
638,FCEQN,FCEQN-5332,1,1.0,1993,2011
639,FCEQN,FCEQN-5333,1,1.0,1992,2011
640,FCEQN,FCEQN-5334,2,1.0,1993,2011
641,FCEQN,FCEQN-5335,2,1.0,1993,2011
642,FCEQN,FCEQN-5336,2,1.0,1992,2011
643,FCEQN,FCEQN-5340,2,1.0,1993,2011
644,FCEQN,FCEQN-5342,2,1.0,1992,2011
645,FCEQN,FCEQN-5346,2,1.0,1992,2011
646,FCEQN,FCEQN-5347,1,1.0,1991,2011
647,FCEQN,FCEQN-5349,1,1.0,1993,2010
648,FCEQN,FCEQN-5350,1,1.0,1981,2001
649,FCEQN,FCEQN-5352,1,1.0,1992,2011
650,FCEQN,FCEQN-5353,1,1.0,1993,2010
651,FCEQN,FCEQN-5354,1,1.0,1992,2011
652,FCEQN,FCEQN-5355,2,1.0,1993,2011
653,FCEQN,FCEQN-5358,1,1.0,1980,2011
654,FCEQN,FCEQN-5359,1,1.0,1993,2011
655,FCEQN,FCEQN-5360,2,1.0,1993,2011
656,FCEQN,FCEQN-5362,2,1.0,1991,2011
657,FCEQN,FCEQN-5364,2,1.0,1992,2011
658,FCEQN,FCEQN-5365,2,1.0,1993,2010
659,FCEQN,FCEQN-5366,2,1.0,1993,2011
660,FCEQN,FCEQN-5369,1,1.0,1982,2011
661,FCEQN,FCEQN-5370,1,1.0,1982,2011
662,FCEQN,FCEQN-5371,1,1.0,1982,2011
663,FCEQN,FCEQN-5372,2,1.0,1982,2011
664,FCEQN,FCEQN-5378,1,1.0,1982,2011
665,FCEQN,FCEQN-5379,1,1.0,1982,2011
666,FCEQN,FCEQN-5382,1,1.0,1994,2010
667,FCEQN,FCEQN-5384,2,1.0,1993,2010
668,FCEQN,FCEQN-5386,2,1.0,1982,2011
669,FCEQN,FCEQN-5389,2,1.0,1993,2011
670,FCEQN,FCEQN-5393,2,1.0,1992,2011
671,FCEQN,FCEQN-5394,2,1.0,1993,2011
672,FCEQN,FCEQN-5395,2,1.0,1991,2011
673,FCEQN,FCEQN-5396,2,1.0,1992,2011
674,FCEQN,FCEQN-5397,1,1.0,1993,2010
675,FCEQN,FCEQN-5401,2,1.0,1993,2011
676,FCEQN,FCEQN-5403,2,1.0,1989,2011
677,FCEQN,FCEQN-5404,2,1.0,1992,2011
678,FCEQN,FCEQN-5405,2,1.0,1992,2011
679,FCEQN,FCEQN-5407,2,1.0,1992,2011
680,FCEQN,FCEQN-5408,1,1.0,1993,2011
681,FCEQN,FCEQN-5409,2,1.0,1992,2011
682,FCEQN,FCEQN-5410,1,1.0,1991,2011
683,FCEQN,FCEQN-5411,2,1.0,1991,2011
684,FCEQN,FCEQN-5413,2,1.0,1993,2011
685,FCEQN,FCEQN-5418,2,1.0,1991,2011
686,FCEQN,FCEQN-5419,2,1.0,1993,2011
687,FCEQN,FCEQN-5422,1,1.0,1993,2010
688,FCEQN,FCEQN-5426,1,1.0,1993,2011
689,FCEQN,FCEQN-5427,2,2.0,1993,2011
690,FCEQN,FCEQN-5430,2,1.0,1993,2011
691,FCEQN,FCEQN-5431,2,2.0,1992,2011
692,FCEQN,FCEQN-5432,2,1.0,1993,2011
693,FCEQN,FCEQN-5437,1,1.0,1993,2011
694,FCEQN,FCEQN-5438,2,1.0,1988,2011
695,FCEQN,FCEQN-5439,1,1.0,1993,2010
696,FCEQN,FCEQN-5441,2,1.0,1991,2010
697,FCEQN,FCEQN-5443,2,3.0,1991,2009
698,FCEQN,FCEQN-5448,2,1.0,1993,2011
699,FCEQN,FCEQN-5450,2,1.0,1992,2011
700,FCEQN,FCEQN-5451,1,1.0,1990,2011
701,FCEQN,FCEQN-5454,2,1.0,1991,2011
702,FCEQN,FCEQN-5458,2,1.0,1992,2010
703,FCEQN,FCEQN-5459,2,1.0,1993,2011
704,FCEQN,FCEQN-5461,1,1.0,1993,2011
705,FCEQN,FCEQN-5462,2,1.0,1993,2011
706,FCEQN,FCEQN-5465,2,1.0,1992,2011
707,FCEQN,FCEQN-5466,2,1.0,1993,2010
708,FCEQN,FCEQN-5476,2,1.0,1992,2010
709,FCEQN,FCEQN-5477,1,1.0,1990,2011
710,FCEQN,FCEQN-5482,1,1.0,1992,2010
711,FCEQN,FCEQN-5486,1,1.0,1993,2011
712,FCEQN,FCEQN-5488,2,1.0,1991,2011
713,FCEQN,FCEQN-5490,2,2.0,1992,2011
714,FCEQN,FCEQN-5491,2,2.0,1992,2011
715,FCEQN,FCEQN-5493,1,1.0,1992,2011
716,FCEQN,FCEQN-5494,1,1.0,1992,2011
717,FCEQN,FCEQN-5498,1,1.0,1992,2011
718,FCEQN,FCEQN-5500,1,1.0,1992,2010
719,FCEQN,FCEQN-5505,2,1.0,1993,2011
720,FCEQN,FCEQN-5508,1,1.0,1991,2011
721,FCEQN,FCEQN-5509,2,1.0,1991,2011
722,FCEQN,FCEQN-5510,2,1.0,1987,2011
723,FCEQN,FCEQN-5511,1,1.0,1993,2011
724,FCEQN,FCEQN-5512,1,1.0,1993,2011
725,FCEQN,FCEQN-5514,2,1.0,1992,2011
726,FCEQN,FCEQN-5516,2,1.0,1992,2010
727,FCEQN,FCEQN-5517,2,1.0,1992,2011
728,FCEQN,FCEQN-5518,2,1.0,1981,2000
729,FCEQN,FCEQN-5519,1,1.0,1993,2011
730,FCEQN,FCEQN-5527,2,1.0,1989,2011
731,FCEQN,FCEQN-5528,2,1.0,1990,2011
732,FCEQN,FCEQN-5531,1,1.0,1990,2011
733,FCEQN,FCEQN-5533,2,1.0,1993,2010
734,FCEQN,FCEQN-5535,1,1.0,1990,2011
735,FCEQN,FCEQN-5537,1,1.0,1992,2011
736,FCEQN,FCEQN-5538,2,1.0,1985,2011
737,FCEQN,FCEQN-5539,1,1.0,1988,2011
738,FCEQN,FCEQN-5540,2,1.0,1992,2009
739,FCEQN,FCEQN-5545,2,1.0,1982,2011
740,FCEQN,FCEQN-5546,1,1.0,1893,2010
741,FCEQN,FCEQN-5549,1,1.0,1990,2011
742,FCEQN,FCEQN-5552,1,1.0,1991,2011
743,FCEQN,FCEQN-5553,2,1.0,1993,2011
744,FCEQN,FCEQN-5554,1,1.0,1990,2011
745,FCEQN,FCEQN-5555,2,1.0,1992,2011
746,FCEQN,FCEQN-5556,2,1.0,1993,2011
747,FCEQN,FCEQN-5557,1,1.0,1993,2011
748,FCEQN,FCEQN-5558,1,1.0,1991,2011
749,FCEQN,FCEQN-5559,1,1.0,1982,2011
750,FCEQN,FCEQN-5560,2,1.0,1974,2011
751,FCEQN,FCEQN-5561,2,1.0,1990,2011
752,FCEQN,FCEQN-5562,2,1.0,1990,2011
753,FCEQN,FCEQN-5563,2,1.0,1992,2011
754,FCEQN,FCEQN-5564,2,2.0,1992,2010
755,FCEQN,FCEQN-5566,2,1.0,1993,2010
756,FCEQN,FCEQN-5568,2,1.0,1989,2011
757,FCEQN,FCEQN-5574,1,1.0,1992,2011
758,FCEQN,FCEQN-5575,1,1.0,1993,2011
759,FCEQN,FCEQN-5577,1,1.0,1992,2011
760,FCEQN,FCEQN-5579,1,1.0,1992,2011
761,FCEQN,FCEQN-5582,2,1.0,1990,2011
762,FCEQN,FCEQN-5583,1,1.0,1988,2010
763,FCEQN,FCEQN-5586,1,1.0,1988,2011
764,FCEQN,FCEQN-5587,1,1.0,1986,2011
765,FCEQN,FCEQN-5589,2,1.0,1993,2011
766,FCEQN,FCEQN-5596,1,1.0,1993,2010
767,FCEQN,FCEQN-5597,2,1.0,1986,2011
768,FCEQN,FCEQN-5599,1,1.0,1992,2010
769,FCEQN,FCEQN-5601,1,1.0,1993,2011
770,FCEQN,FCEQN-5603,1,1.0,1992,2011
771,FCEQN,FCEQN-5607,2,1.0,1993,2011
772,FCEQN,FCEQN-5609,2,1.0,1991,2011
773,FCEQN,FCEQN-5608,2,1.0,1992,2011
774,FCEQN,FCEQN-5610,2,1.0,1992,2011
775,FCEQN,FCEQN-5611,1,1.0,1986,2011
776,FCEQN,FCEQN-5616,1,1.0,1993,2011
777,FCEQN,FCEQN-5618,1,1.0,1993,2011
778,FCEQN,FCEQN-5621,1,1.0,1991,2011
779,FCEQN,FCEQN-5623,2,1.0,1993,2011
780,FCEQN,FCEQN-5632,1,1.0,1992,2011
781,FCEQN,FCEQN-5633,2,1.0,1992,2011
782,FCEQN,FCEQN-5635,2,1.0,1991,2008
783,FCEQN,FCEQN-5637,2,1.0,1992,2010
784,FCEQN,FCEQN-5638,1,1.0,1993,2011
785,FCEQN,FCEQN-5640,2,1.0,1993,2011
786,FCEQN,FCEQN-5642,2,1.0,1989,2011
787,FCEQN,FCEQN-5643,2,1.0,1992,2011
788,FCEQN,FCEQN-5644,2,1.0,1993,2011
789,FCEQN,FCEQN-5647,2,2.0,1992,2011
790,FCEQN,FCEQN-5653,1,1.0,1990,2011
791,FCEQN,FCEQN-5654,2,1.0,1992,2011
792,FCEQN,FCEQN-5655,1,1.0,1992,2011
793,FCEQN,FCEQN-5656,2,1.0,1993,2011
794,FCEQN,FCEQN-5661,1,1.0,1991,2011
795,FCEQN,FCEQN-5662,2,1.0,1993,2011
796,FCEQN,FCEQN-5663,2,1.0,1993,2011
797,FCEQN,FCEQN-5665,1,1.0,1946,2011
798,FCEQN,FCEQN-5666,2,2.0,1993,2011
799,FCEQN,FCEQN-5669,2,1.0,1980,2011
800,FCEQN,FCEQN-5670,2,1.0,1992,2011
801,FCEQN,FCEQN-5673,2,1.0,1992,2011
802,FCEQN,FCEQN-5674,1,1.0,1990,2011
803,FCEQN,FCEQN-5675,2,1.0,1992,2011
804,FCEQN,FCEQN-5676,1,1.0,1987,2011
805,FCEQN,FCEQN-5678,1,1.0,1991,2011
806,FCEQN,FCEQN-5680,2,1.0,1993,2011
807,FCEQN,FCEQN-5681,1,1.0,1992,2011
808,FCEQN,FCEQN-5682,2,1.0,1991,2011
809,FCEQN,FCEQN-5684,2,1.0,1992,2011
810,FCEQN,FCEQN-5685,1,1.0,1992,2011
811,FCEQN,FCEQN-5688,2,1.0,1993,2011
812,FCEQN,FCEQN-5689,2,1.0,1991,2011
813,FCEQN,FCEQN-5690,2,1.0,1992,2011
814,FCEQN,FCEQN-5691,2,1.0,1991,2011
815,FCEQN,FCEQN-5695,2,1.0,1990,2011
816,FCEQN,FCEQN-5700,1,1.0,1991,2011
817,FCEQN,FCEQN-5701,2,1.0,1993,2011
818,FCEQN,FCEQN-5702,2,1.0,1983,2011
819,FCEQN,FCEQN-5708,2,1.0,1993,2010
820,FCEQN,FCEQN-5710,1,1.0,1991,2011
821,FCEQN,FCEQN-5713,2,1.0,1993,2011
822,FCEQN,FCEQN-5714,1,1.0,1992,2011
823,FCEQN,FCEQN-5718,2,1.0,1993,2011
824,FCEQN,FCEQN-5719,2,1.0,1991,2011
825,FCEQN,FCEQN-5721,2,1.0,1992,2011
826,FCEQN,FCEQN-5724,2,1.0,1990,2011
827,FCEQN,FCEQN-5731,2,1.0,1992,2011
828,FCEQN,FCEQN-5732,2,1.0,1990,2011
829,FCEQN,FCEQN-5737,2,1.0,1993,2011
830,FCEQN,FCEQN-5740,1,1.0,1990,2011
831,FCEQN,FCEQN-5742,2,1.0,1993,2011
832,FCEQN,FCEQN-5744,1,1.0,1991,2011
833,FCEQN,FCEQN-5746,2,1.0,1993,2011
834,FCEQN,FCEQN-5756,2,1.0,1990,2011
835,FCEQN,FCEQN-5760,1,1.0,1991,2011
836,FCEQN,FCEQN-5763,2,1.0,1990,2011
837,FCEQN,FCEQN-5768,2,1.0,1987,2011
838,FCEQN,FCEQN-5769,1,1.0,1992,2011
839,FCEQN,FCEQN-5770,1,1.0,1987,2011
840,FCEQN,FCEQN-5771,2,1.0,1993,2010
841,FCEQN,FCEQN-5777,2,1.0,1992,2011
842,FCEQN,FCEQN-5778,1,1.0,1990,2009
843,FCEQN,FCEQN-5779,2,1.0,1993,2010
844,FCEQN,FCEQN-5781,1,1.0,1991,2009
845,FCEQN,FCEQN-5785,1,1.0,1992,2010
846,FCEQN,FCEQN-5786,2,1.0,1992,2010
847,FCEQN,FCEQN-5788,2,1.0,1984,2011
848,FCEQN,FCEQN-5789,2,1.0,1992,2011
849,FCEQN,FCEQN-5790,2,1.0,1983,2011
850,FCEQN,FCEQN-5791,2,1.0,1992,2011
851,FCEQN,FCEQN-5795,2,1.0,1988,2011
852,FCEQN,FCEQN-5796,2,1.0,1988,2011
853,FCEQN,FCEQN-5798,2,1.0,1992,2011
854,FCEQN,FCEQN-5802,1,1.0,1991,2011
855,FCEQN,FCEQN-5803,1,1.0,1981,2011
856,FCEQN,FCEQN-5804,1,1.0,1989,2011
857,FCEQN,FCEQN-5805,2,1.0,1968,1986
858,FCEQN,FCEQN-5812,1,2.0,1974,1992
859,FCEQN,FCEQN-5814,1,2.0,1984,2001
860,FCEQN,FCEQN-5817,1,1.0,1992,2011
861,FCEQN,FCEQN-5820,2,1.0,1994,2011
862,FCEQN,FCEQN-5822,2,1.0,1993,2011
863,FCEQN,FCEQN-5823,1,1.0,1990,2011
864,FCEQN,FCEQN-5827,1,1.0,1994,2011
865,FCEQN,FCEQN-5828,1,1.0,1993,2011
866,FCEQN,FCEQN-5830,1,1.0,1993,2011
867,FCEQN,FCEQN-5831,2,1.0,1994,2011
868,FCEQN,FCEQN-5833,2,1.0,1994,2011
869,FCEQN,FCEQN-5834,1,1.0,1993,2011
870,FCEQN,FCEQN-5836,2,2.0,1994,2011
871,FCEQN,FCEQN-5841,1,1.0,1993,2011
872,FCEQN,FCEQN-5842,1,1.0,1994,2011
873,FCEQN,FCEQN-5844,2,1.0,1991,2011
874,FCEQN,FCEQN-5845,2,1.0,1993,2011
875,FCEQN,FCEQN-5846,2,1.0,1994,2011
876,FCEQN,FCEQN-5849,1,1.0,1993,2011
877,FCEQN,FCEQN-5850,2,1.0,1993,2011
878,FCEQN,FCEQN-5851,2,1.0,1994,2011
879,FCEQN,FCEQN-5852,2,2.0,1994,2011
880,FCEQN,FCEQN-5853,2,1.0,1994,2011
881,FCEQN,FCEQN-5856,2,1.0,1992,2011
882,FCEQN,FCEQN-5857,2,1.0,1990,2011
883,FCEQN,FCEQN-5858,1,1.0,1991,2011
884,FCEQN,FCEQN-5860,2,1.0,1993,2011
885,FCEQN,FCEQN-5861,1,1.0,1991,2011
886,FCEQN,FCEQN-5862,1,2.0,1994,2011
887,FCEQN,FCEQN-5863,2,1.0,1993,2011
888,FCEQN,FCEQN-5864,2,1.0,1988,2011
889,FCEQN,FCEQN-5865,2,1.0,1993,2011
890,FCEQN,FCEQN-5867,2,1.0,1994,2011
891,FCEQN,FCEQN-5868,2,1.0,1994,2011
892,FCEQN,FCEQN-5869,1,1.0,1988,2011
893,FCEQN,FCEQN-5870,1,1.0,1989,2011
894,FCEQN,FCEQN-5872,2,1.0,1994,2011
895,FCEQN,FCEQN-5873,2,1.0,1993,2011
896,FCEQN,FCEQN-5874,1,1.0,1993,2011
897,FCEQN,FCEQN-5875,1,1.0,1993,2011
898,FCEQN,FCEQN-5877,1,1.0,1994,2011
899,FCEQN,FCEQN-5878,2,1.0,1992,2011
900,FCEQN,FCEQN-5879,2,1.0,1992,2011
901,FCEQN,FCEQN-5880,1,1.0,1994,2011
902,FCEQN,FCEQN-5881,2,1.0,1994,2011
903,FCEQN,FCEQN-5882,1,1.0,1992,2011
904,FCEQN,FCEQN-5883,2,1.0,1993,2011
905,FCEQN,FCEQN-5885,2,1.0,1993,2011
906,FCEQN,FCEQN-5886,2,1.0,1994,2011
907,FCEQN,FCEQN-5887,2,1.0,1993,2011
908,FCEQN,FCEQN-5888,2,1.0,1985,2011
909,FCEQN,FCEQN-5889,2,1.0,1991,2011
910,FCEQN,FCEQN-5890,2,1.0,1993,2011
911,FCEQN,FCEQN-5892,1,1.0,1980,2011
912,FCEQN,FCEQN-5894,2,2.0,1990,2011
913,FCEQN,FCEQN-5895,1,1.0,1987,2011
914,FCEQN,FCEQN-5896,2,1.0,1986,2011
915,FCEQN,FCEQN-5897,2,1.0,1993,2011
916,FCEQN,FCEQN-5899,2,1.0,1994,2011
917,FCEQN,FCEQN-5900,2,1.0,1981,2011
918,FCEQN,FCEQN-5901,2,1.0,1993,2011
919,FCEQN,FCEQN-5902,2,1.0,1994,2011
920,FCEQN,FCEQN-5903,1,1.0,1993,2011
921,FCEQN,FCEQN-5904,2,1.0,1994,2011
922,FCEQN,FCEQN-5905,2,1.0,1987,2011
923,FCEQN,FCEQN-5906,2,1.0,1994,2011
924,FCEQN,FCEQN-5907,1,1.0,1990,2011
925,FCEQN,FCEQN-5909,2,1.0,1980,2011
926,FCEQN,FCEQN-5910,2,1.0,1980,2011
927,FCEQN,FCEQN-5912,1,1.0,1994,2011
928,FCEQN,FCEQN-5913,1,1.0,1987,2011
929,FCEQN,FCEQN-5914,1,1.0,1991,2011
930,FCEQN,FCEQN-5915,1,1.0,1992,2011
931,FCEQN,FCEQN-5916,2,1.0,1992,2011
932,FCEQN,FCEQN-5917,1,1.0,1994,2011
933,FCEQN,FCEQN-5919,1,1.0,1993,2011
934,FCEQN,FCEQN-5920,1,1.0,1994,2011
935,FCEQN,FCEQN-5922,2,1.0,1993,2011
936,FCEQN,FCEQN-5924,2,1.0,1994,2011
937,FCEQN,FCEQN-5925,2,1.0,1994,2011
938,FCEQN,FCEQN-5926,1,1.0,1994,2011
939,FCEQN,FCEQN-5927,1,1.0,1994,2011
940,FCEQN,FCEQN-5928,2,1.0,1990,2011
941,FCEQN,FCEQN-5929,1,1.0,1993,2011
942,FCEQN,FCEQN-5931,2,1.0,1995,2011
943,FCEQN,FCEQN-5932,2,1.0,1994,2011
944,FCEQN,FCEQN-5934,2,1.0,1995,2011
945,FCEQN,FCEQN-5935,2,1.0,1994,2011
946,FCEQN,FCEQN-5937,2,1.0,1994,2011
947,FCEQN,FCEQN-5938,2,1.0,1993,2011
948,FCEQN,FCEQN-5939,2,1.0,1993,2011
949,FCEQN,FCEQN-5942,1,1.0,1993,2011
950,FCEQN,FCEQN-5943,2,2.0,1993,2011
951,FCEQN,FCEQN-5947,2,1.0,1993,2011
952,FCEQN,FCEQN-5948,2,1.0,1985,2011
953,FCEQN,FCEQN-5950,1,1.0,1990,2011
954,FCEQN,FCEQN-5951,1,1.0,1992,2011
955,FCEQN,FCEQN-5952,1,1.0,1994,2011
956,FCEQN,FCEQN-5953,2,1.0,1994,2011
957,FCEQN,FCEQN-5954,1,1.0,1984,2011
958,FCEQN,FCEQN-5955,2,1.0,1993,2011
959,FCEQN,FCEQN-5957,1,1.0,1992,2011
960,FCEQN,FCEQN-5959,2,1.0,1993,2011
961,FCEQN,FCEQN-5960,2,1.0,1993,2011
962,FCEQN,FCEQN-5961,2,1.0,1994,2011
963,FCEQN,FCEQN-5962,2,1.0,1993,2011
964,FCEQN,FCEQN-5964,2,1.0,1994,2011
965,FCEQN,FCEQN-5965,1,1.0,1993,2011
966,FCEQN,FCEQN-5966,2,1.0,1993,2011
967,FCEQN,FCEQN-5968,1,1.0,1990,2011
968,FCEQN,FCEQN-5970,2,1.0,1989,2011
969,FCEQN,FCEQN-5971,1,1.0,1994,2011
970,FCEQN,FCEQN-5974,2,1.0,1994,2011
971,FCEQN,FCEQN-5975,1,1.0,1991,2011
972,FCEQN,FCEQN-5976,2,1.0,1994,2011
973,FCEQN,FCEQN-5977,2,2.0,1993,2011
974,FCEQN,FCEQN-5978,1,1.0,1994,2011
975,FCEQN,FCEQN-5979,1,1.0,1994,2011
976,FCEQN,FCEQN-5980,1,1.0,1994,2011
977,FCEQN,FCEQN-5981,2,1.0,1993,2011
978,FCEQN,FCEQN-5988,2,1.0,1993,2011
979,FCEQN,FCEQN-5989,2,1.0,1990,2011
980,FCEQN,FCEQN-5990,1,1.0,1982,2011
981,FCEQN,FCEQN-5992,1,1.0,1994,2011
982,FCEQN,FCEQN-5997,1,1.0,1993,2011
983,FCEQN,FCEQN-6001,1,1.0,1991,2011
984,FCEQN,FCEQN-6002,2,1.0,1981,2011
985,FCEQN,FCEQN-6003,2,1.0,1993,2011
986,FCEQN,FCEQN-6007,2,1.0,1992,2011
987,FCEQN,FCEQN-6008,2,1.0,1988,2011
988,FCEQN,FCEQN-6009,2,1.0,1994,2011
989,FCEQN,FCEQN-6010,2,1.0,1994,2011
990,FCEQN,FCEQN-6011,2,1.0,1994,2011
991,FCEQN,FCEQN-6012,2,2.0,1993,2011
992,FCEQN,FCEQN-6013,2,1.0,1988,2011
993,FCEQN,FCEQN-6014,1,1.0,1986,2011
994,FCEQN,FCEQN-6015,1,1.0,1994,2011
995,FCEQN,FCEQN-6016,2,1.0,1994,2011
996,FCEQN,FCEQN-6017,2,1.0,1993,2011
997,FCEQN,FCEQN-6018,2,1.0,1993,2011
998,FCEQN,FCEQN-6019,2,1.0,1992,2011
999,FCEQN,FCEQN-6020,2,1.0,1966,2011
1000,FCEQN,FCEQN-6024,2,1.0,1992,2011
1001,FCEQN,FCEQN-6026,2,1.0,1993,2011
1002,FCEQN,FCEQN-6027,2,1.0,1994,2011
1003,FCEQN,FCEQN-6028,2,1.0,1994,2011
1004,FCEQN,FCEQN-6030,2,1.0,1994,2011
1005,FCEQN,FCEQN-6031,2,1.0,1994,2011
1006,FCEQN,FCEQN-6032,1,1.0,1989,2011
1007,FCEQN,FCEQN-6033,1,1.0,1991,2011
1008,FCEQN,FCEQN-6035,1,1.0,1993,2011
1009,FCEQN,FCEQN-6036,2,1.0,1994,2011
1010,FCEQN,FCEQN-6037,2,1.0,1994,2011
1011,FCEQN,FCEQN-6038,2,1.0,1994,2011
1012,FCEQN,FCEQN-6039,1,1.0,1994,2011
1013,FCEQN,FCEQN-6040,1,1.0,1993,2011
1014,FCEQN,FCEQN-6041,1,1.0,1993,2011
1015,FCEQN,FCEQN-6042,2,1.0,1993,2011
1016,FCEQN,FCEQN-6044,2,1.0,1993,2011
1017,FCEQN,FCEQN-6045,2,1.0,1993,2011
1018,FCEQN,FCEQN-6046,2,1.0,1993,2011
1019,FCEQN,FCEQN-6048,2,1.0,1980,2011
1020,FCEQN,FCEQN-6049,2,1.0,1994,2011
1021,FCEQN,FCEQN-6050,1,1.0,1993,2011
1022,FCEQN,FCEQN-6052,2,1.0,1994,2011
1023,FCEQN,FCEQN-6053,1,1.0,1992,2011
1024,FCEQN,FCEQN-6055,2,1.0,1992,2011
1025,FCEQN,FCEQN-6056,2,1.0,1993,2011
1026,FCEQN,FCEQN-6058,1,1.0,1993,2011
1027,FCEQN,FCEQN-6059,2,1.0,1993,2011
1028,FCEQN,FCEQN-6062,2,2.0,1994,2011
1029,FCEQN,FCEQN-6063,1,1.0,1993,2011
1030,FCEQN,FCEQN-6064,1,1.0,1994,2011
1031,FCEQN,FCEQN-6065,1,1.0,1994,2011
1032,FCEQN,FCEQN-6067,1,1.0,1993,2011
1033,FCEQN,FCEQN-6068,1,1.0,1994,2011
1034,FCEQN,FCEQN-6069,1,1.0,1992,2011
1035,FCEQN,FCEQN-6070,1,1.0,1981,2011
1036,FCEQN,FCEQN-6073,2,1.0,1994,2011
1037,FCEQN,FCEQN-6075,2,1.0,1994,2011
1038,FCEQN,FCEQN-6076,2,1.0,1981,2011
1039,FCEQN,FCEQN-6077,2,1.0,1994,2011
1040,FCEQN,FCEQN-6078,2,1.0,1994,2011
1041,FCEQN,FCEQN-6079,1,1.0,1992,2011
1042,FCEQN,FCEQN-6080,1,1.0,1994,2011
1043,FCEQN,FCEQN-6081,1,1.0,1991,2011
1044,FCEQN,FCEQN-6082,2,1.0,1994,2011
1045,FCEQN,FCEQN-6083,2,1.0,1994,2011
1046,FCEQN,FCEQN-6084,2,1.0,1994,2011
1047,FCEQN,FCEQN-6085,2,1.0,1994,2011
1048,FCEQN,FCEQN-6087,1,1.0,1993,2011
1049,FCEQN,FCEQN-6088,2,1.0,1992,2011
1050,FCEQN,FCEQN-6089,2,1.0,1977,2011
1051,FCEQN,FCEQN-6091,2,1.0,1992,2011
1052,FCEQN,FCEQN-6093,2,1.0,1991,2011
1053,FCEQN,FCEQN-6094,1,1.0,1981,2011
1054,FCEQN,FCEQN-6095,1,1.0,1993,2011
1055,FCEQN,FCEQN-6096,2,1.0,1994,2011
1056,FCEQN,FCEQN-6098,1,1.0,1992,2011
1057,FCEQN,FCEQN-6099,1,1.0,1994,2011
1058,FCEQN,FCEQN-6100,2,1.0,1993,2011
1059,FCEQN,FCEQN-6101,1,1.0,1992,2011
1060,FCEQN,FCEQN-6102,2,1.0,1989,2011
1061,FCEQN,FCEQN-6103,2,1.0,1993,2011
1062,FCEQN,FCEQN-6104,1,1.0,1993,2011
1063,FCEQN,FCEQN-6105,2,1.0,1994,2011
1064,FCEQN,FCEQN-6108,2,1.0,1993,2011
1065,FCEQN,FCEQN-6109,1,1.0,1994,2011
1066,FCEQN,FCEQN-6110,1,1.0,1991,2011
1067,FCEQN,FCEQN-6111,2,1.0,1989,2011
1068,FCEQN,FCEQN-6112,1,1.0,1994,2011
1069,FCEQN,FCEQN-6113,2,1.0,1994,2011
1070,FCEQN,FCEQN-6114,2,1.0,1994,2011
1071,FCEQN,FCEQN-6115,1,1.0,1993,2011
1072,FCEQN,FCEQN-6116,1,1.0,1994,2011
1073,FCEQN,FCEQN-6117,1,1.0,1994,2011
1074,FCEQN,FCEQN-6118,1,1.0,1992,2011
1075,FCEQN,FCEQN-6119,2,1.0,1994,2011
1076,FCEQN,FCEQN-6120,1,1.0,1993,2011
1077,FCEQN,FCEQN-6122,1,1.0,1994,2011
1078,FCEQN,FCEQN-6121,1,1.0,1993,2011
1079,FCEQN,FCEQN-6123,2,1.0,1994,2011
1080,FCEQN,FCEQN-6125,1,2.0,1994,2011
1081,FCEQN,FCEQN-6126,1,1.0,1994,2011
1082,FCEQN,FCEQN-6127,2,1.0,1992,2011
1083,FCEQN,FCEQN-6129,2,2.0,1993,2011
1084,FCEQN,FCEQN-6128,1,1.0,1993,2011
1085,FCEQN,FCEQN-6130,1,2.0,1987,2011
1086,FCEQN,FCEQN-6132,1,1.0,1993,2011
1087,FCEQN,FCEQN-6133,1,1.0,1979,2011
1088,FCEQN,FCEQN-6134,1,1.0,1994,2011
1089,FCEQN,FCEQN-6135,1,1.0,1985,2011
1090,FCEQN,FCEQN-6136,1,1.0,1992,2011
1091,FCEQN,FCEQN-6137,2,1.0,1992,2011
1092,FCEQN,FCEQN-6139,1,1.0,1989,2011
1093,FCEQN,FCEQN-6138,1,1.0,1994,2011
1094,FCEQN,FCEQN-6140,2,1.0,1994,2011
1095,FCEQN,FCEQN-6141,1,1.0,1993,2011
1096,FCEQN,FCEQN-6142,2,1.0,1978,2011
1097,FCEQN,FCEQN-6143,1,1.0,1990,2011
1098,FCEQN,FCEQN-6144,1,1.0,1985,2011
1099,FCEQN,FCEQN-6146,2,1.0,1989,2011
1100,FCEQN,FCEQN-6145,1,1.0,1993,2011
1101,FCEQN,FCEQN-6147,2,1.0,1986,2011
1102,FCEQN,FCEQN-6148,2,1.0,1993,2011
1103,FCEQN,FCEQN-6149,2,1.0,1993,2011
1104,FCEQN,FCEQN-6150,2,1.0,1988,2011
1105,FCEQN,FCEQN-6151,2,1.0,1994,2011
1106,FCEQN,FCEQN-6153,2,1.0,1984,2011
1107,FCEQN,FCEQN-6154,1,1.0,1992,2011
1108,FCEQN,FCEQN-6157,1,1.0,1984,2011
1109,FCEQN,FCEQN-6158,1,1.0,1994,2011
1110,FCEQN,FCEQN-6160,2,1.0,1990,2011
1111,FCEQN,FCEQN-6162,2,2.0,1993,2011
1112,FCEQN,FCEQN-6163,2,1.0,1993,2011
1113,FCEQN,FCEQN-6165,1,1.0,1993,2011
1114,FCEQN,FCEQN-6166,2,1.0,1992,2011
1115,FCEQN,FCEQN-6167,1,1.0,1991,2011
1116,FCEQN,FCEQN-6168,2,1.0,1994,2011
1117,FCEQN,FCEQN-6169,1,1.0,1993,2011
1118,FCEQN,FCEQN-6170,2,1.0,1994,2011
1119,FCEQN,FCEQN-6171,2,1.0,1982,2011
1120,FCEQN,FCEQN-6172,2,1.0,1994,2011
1121,FCEQN,FCEQN-6174,2,1.0,1992,2011
1122,FCEQN,FCEQN-6177,2,1.0,1993,2011
1123,FCEQN,FCEQN-6180,2,1.0,1992,2011
1124,FCEQN,FCEQN-6181,2,1.0,1994,2011
1125,FCEQN,FCEQN-6183,2,1.0,1973,2011
1126,FCEQN,FCEQN-6184,1,1.0,1993,2011
1127,FCEQN,FCEQN-6185,2,1.0,1994,2011
1128,FCEQN,FCEQN-6186,2,1.0,1984,2011
1129,FCEQN,FCEQN-6187,2,1.0,1993,2011
1130,FCEQN,FCEQN-6188,1,1.0,1994,2011
1131,FCEQN,FCEQN-6189,2,1.0,1991,2011
1132,FCEQN,FCEQN-6190,2,1.0,1993,2011
1133,FCEQN,FCEQN-6192,2,1.0,1994,2011
1134,FCEQN,FCEQN-6191,1,1.0,1993,2011
1135,FCEQN,FCEQN-6193,2,1.0,1994,2011
1136,FCEQN,FCEQN-6194,1,1.0,1993,2011
1137,FCEQN,FCEQN-6195,1,1.0,1993,2011
1138,FCEQN,FCEQN-6197,1,1.0,1991,2011
1139,FCEQN,FCEQN-6198,1,1.0,1993,2011
1140,FCEQN,FCEQN-6200,1,1.0,1994,2011
1141,FCEQN,FCEQN-6201,2,1.0,1994,2011
1142,FCEQN,FCEQN-6202,2,1.0,1990,2011
1143,FCEQN,FCEQN-6203,2,1.0,1994,2011
1144,FCEQN,FCEQN-6205,1,1.0,1989,2011
1145,FCEQN,FCEQN-6206,1,1.0,1993,2011
1146,FCEQN,FCEQN-6208,1,1.0,1994,2011
1147,FCEQN,FCEQN-6209,1,1.0,1991,2011
1148,FCEQN,FCEQN-6210,1,1.0,1993,2011
1149,FCEQN,FCEQN-6211,1,1.0,1987,2011
1150,FCEQN,FCEQN-6212,2,1.0,1991,2011
1151,FCEQN,FCEQN-6214,2,1.0,1993,2011
1152,FCEQN,FCEQN-6215,1,1.0,1993,2011
1153,FCEQN,FCEQN-6216,1,1.0,1993,2011
1154,FCEQN,FCEQN-6217,1,1.0,1992,2011
1155,FCEQN,FCEQN-6218,1,1.0,1991,2009
1156,FCEQN,FCEQN-6219,1,1.0,1988,2011
1157,FCEQN,FCEQN-6223,1,1.0,1991,2011
1158,FCEQN,FCEQN-6226,1,1.0,1992,2011
1159,FCEQN,FCEQN-6228,1,1.0,1989,2011
1160,FCEQN,FCEQN-6229,1,1.0,1993,2011
1161,FCEQN,FCEQN-6231,1,1.0,1993,2011
1162,FCEQN,FCEQN-6233,1,1.0,1991,2011
1163,FCEQN,FCEQN-6236,1,1.0,1994,2011
1164,FCEQN,FCEQN-6238,1,1.0,1988,2011
1165,FCEQN,FCEQN-6239,1,1.0,1985,2011
1166,FCEQN,FCEQN-6240,2,1.0,1994,2011
1167,FCEQN,FCEQN-6241,1,1.0,1992,2011
1168,FCEQN,FCEQN-6242,1,1.0,1994,2011
1169,FCEQN,FCEQN-6243,1,1.0,1993,2011
1170,FCEQN,FCEQN-6244,2,1.0,1993,2011
1171,FCEQN,FCEQN-6246,2,1.0,1993,2011
1172,FCEQN,FCEQN-6249,2,1.0,1994,2011
1173,FCEQN,FCEQN-6251,1,1.0,1994,2011
1174,FCEQN,FCEQN-6253,2,1.0,1993,2011
1175,FCEQN,FCEQN-6254,2,1.0,1981,2011
1176,FCEQN,FCEQN-6255,2,1.0,1991,2011
1177,FCEQN,FCEQN-6256,2,1.0,1993,2011
1178,FCEQN,FCEQN-6257,2,1.0,1993,2011
1179,FCEQN,FCEQN-6258,2,1.0,1993,2011
1180,FCEQN,FCEQN-6259,1,1.0,1993,2011
1181,FCEQN,FCEQN-6261,1,1.0,1992,2011
1182,FCEQN,FCEQN-6262,1,1.0,1989,2011
1183,FCEQN,FCEQN-6263,1,1.0,1994,2011
1184,FCEQN,FCEQN-6264,1,1.0,1993,2011
1185,FCEQN,FCEQN-6265,1,1.0,1994,2011
1186,FCEQN,FCEQN-6266,1,1.0,1993,2011
1187,FCEQN,FCEQN-6267,1,1.0,1994,2011
1188,FCEQN,FCEQN-6268,1,1.0,1992,2011
1189,FCEQN,FCEQN-6269,1,1.0,1992,2011
1190,FCEQN,FCEQN-6272,1,1.0,1991,2011
1191,FCEQN,FCEQN-6273,1,1.0,1994,2011
1192,FCEQN,FCEQN-6274,1,1.0,1994,2011
1193,FCEQN,FCEQN-6275,1,1.0,1993,2011
1194,FCEQN,FCEQN-6277,1,1.0,1993,2011
1195,FCEQN,FCEQN-6278,1,1.0,1993,2011
1196,FCEQN,FCEQN-6279,1,1.0,1992,2011
1197,FCEQN,FCEQN-6281,1,1.0,1993,2011
1198,FCEQN,FCEQN-6282,1,1.0,1994,2011
1199,FCEQN,FCEQN-6283,1,1.0,1993,2011
1200,FCEQN,FCEQN-6284,1,1.0,1993,2011
1201,FCEQN,FCEQN-6287,1,1.0,1994,2011
1202,FCEQN,FCEQN-6289,1,1.0,1992,2011
1203,FCEQN,FCEQN-6290,1,1.0,1991,2011
1204,FCEQN,FCEQN-6292,2,1.0,1994,2011
1205,FCEQN,FCEQN-6293,1,1.0,1993,2011
1206,FCEQN,FCEQN-6294,2,1.0,1994,2011
1207,FCEQN,FCEQN-6296,1,1.0,1983,2011
1208,FCEQN,FCEQN-6297,1,1.0,1993,2011
1209,FCEQN,FCEQN-6298,1,1.0,1991,2011
1210,FCEQN,FCEQN-6299,1,1.0,1994,2011
1211,FCEQN,FCEQN-6300,1,1.0,1982,2011
1212,FCEQN,FCEQN-6301,1,1.0,1992,2011
1213,FCEQN,FCEQN-6302,2,1.0,1983,2011
1214,FCEQN,FCEQN-6303,1,1.0,1960,2011
1215,FCEQN,FCEQN-6304,1,1.0,1984,2011
1216,FCEQN,FCEQN-6306,1,1.0,1901,2011
1217,FCEQN,FCEQN-6307,1,1.0,1990,2011
1218,FCEQN,FCEQN-6308,1,1.0,1983,2011
1219,FCEQN,FCEQN-6309,1,1.0,1988,2011
1220,FCEQN,FCEQN-5825,2,1.0,1993,2011
1221,FCEQN,FCEQN-6310,2,1.0,1992,2009
1222,FCEQN,FCEQN-6311,2,3.0,1993,2011
1223,FCEQN,FCEQN-6314,1,1.0,1991,2011
1224,FCEQN,FCEQN-6315,1,1.0,1994,2011
1225,FCEQN,FCEQN-6316,2,1.0,1992,2011
1226,FCEQN,FCEQN-6318,2,1.0,1965,1982
1227,FCEQN,FCEQN-6321,1,1.0,1991,2009
1228,FCEQN,FCEQN-6323,1,1.0,1991,2011
1229,FCEQN,FCEQN-6324,2,3.0,1987,2011
1230,FCEQN,FCEQN-6325,2,1.0,1983,2011
1231,FCEQN,FCEQN-6328,1,1.0,1993,2011
1232,FCEQN,FCEQN-6330,1,1.0,1993,2011
1233,FCEQN,FCEQN-6331,1,1.0,1993,2011
1234,FCEQN,FCEQN-6332,1,1.0,1990,2011
1235,FCEQN,FCEQN-6334,1,1.0,1991,2011
1236,FCEQN,FCEQN-6335,1,1.0,1991,2011
1237,FCEQN,FCEQN-6336,1,3.0,1988,2011
1238,FCEQN,FCEQN-6337,1,1.0,1992,2011
1239,FCEQN,FCEQN-6341,1,1.0,1993,2011
1240,FCEQN,FCEQN-6342,1,1.0,1986,2011
1241,FCEQN,FCEQN-6344,1,1.0,1992,2011
1242,FCEQN,FCEQN-6345,1,1.0,1993,2011
1243,FCEQN,FCEQN-6346,1,1.0,1990,2011
1244,FCEQN,FCEQN-6347,1,1.0,1994,2011
1245,FCEQN,FCEQN-6349,2,1.0,1992,2011
1246,FCEQN,FCEQN-6351,1,1.0,1993,2011
1247,FCEQN,FCEQN-6352,1,1.0,1993,2011
1248,FCEQN,FCEQN-6353,1,1.0,1993,2011
1249,FCEQN,FCEQN-6354,1,1.0,1979,2011
1250,FCEQN,FCEQN-6355,2,2.0,1992,2011
1251,FCEQN,FCEQN-6357,1,2.0,1993,2011
1252,FCEQN,FCEQN-6358,1,1.0,1993,2011
1253,FCEQN,FCEQN-6359,1,1.0,1991,2011
1254,FCEQN,FCEQN-6360,1,1.0,1994,2011
1255,FCEQN,FCEQN-6361,1,1.0,1992,2011
1256,FCEQN,FCEQN-6362,1,1.0,1992,2011
1257,FCEQN,FCEQN-6363,1,1.0,1994,2011
1258,FCEQN,FCEQN-6365,1,1.0,1993,2011
1259,FCEQN,FCEQN-6367,1,1.0,1993,2011
1260,FCEQN,FCEQN-6368,1,1.0,1994,2011
1261,FCEQN,FCEQN-6369,1,1.0,1992,2011
1262,FCEQN,FCEQN-6371,1,1.0,1989,2011
1263,FCEQN,FCEQN-6374,1,1.0,1994,2011
1264,FCEQN,FCEQN-6375,1,1.0,1987,2011
1265,FCEQN,FCEQN-6378,2,1.0,1992,2011
1266,FCEQN,FCEQN-6379,2,1.0,1993,2011
1267,FCEQN,FCEQN-6380,2,1.0,1993,2011
1268,FCEQN,FCEQN-6381,1,1.0,1992,2011
1269,FCEQN,FCEQN-6382,1,1.0,1993,2011
1270,FCEQN,FCEQN-6383,1,1.0,1994,2011
1271,FCEQN,FCEQN-6384,1,1.0,1993,2011
1272,FCEQN,FCEQN-6385,1,1.0,1994,2011
1273,FCEQN,FCEQN-6386,1,1.0,1994,2011
1274,FCEQN,FCEQN-6387,1,1.0,1990,2011
1275,FCEQN,FCEQN-6388,1,1.0,1993,2011
1276,FCEQN,FCEQN-6389,1,1.0,1992,2011
1277,FCEQN,FCEQN-6390,1,1.0,1993,2011
1278,FCEQN,FCEQN-6391,2,1.0,1993,2011
1279,FCEQN,FCEQN-6392,1,1.0,1985,2011
1280,FCEQN,FCEQN-6395,1,1.0,1984,2011
1281,FCEQN,FCEQN-6396,1,1.0,1975,2011
1282,FCEQN,FCEQN-6398,1,1.0,1991,2011
1283,FCEQN,FCEQN-6399,1,1.0,1992,2011
1284,FCEQN,FCEQN-6400,1,1.0,1992,2011
1285,FCEQN,FCEQN-6401,1,1.0,1994,2011
1286,FCEQN,FCEQN-6402,1,1.0,1986,2011
1287,FCEQN,FCEQN-6404,1,1.0,1990,2008
1288,FCEQN,FCEQN-6405,2,1.0,1993,2011
1289,FCEQN,FCEQN-6406,2,1.0,1992,2011
1290,FCEQN,FCEQN-6407,1,1.0,1990,2011
1291,FCEQN,FCEQN-6410,1,1.0,1993,2011
1292,FCEQN,FCEQN-6411,2,1.0,1993,2011
1293,FCEQN,FCEQN-6412,2,1.0,1992,2011
1294,FCEQN,FCEQN-6413,1,1.0,1993,2011
1295,FCEQN,FCEQN-6414,1,1.0,1994,2011
1296,FCEQN,FCEQN-6415,2,1.0,1993,2011
1297,FCEQN,FCEQN-6416,1,1.0,1989,2008
1298,FCEQN,FCEQN-6295,1,1.0,1993,2011
1299,FCEQN,FCEQN-2623,2,1.0,1989,2011
1300,FCEQN,FCEQN-6417,1,2.0,1992,2011
1301,FCEQN,FCEQN-6418,1,1.0,1987,2011
1302,FCEQN,FCEQN-6419,1,1.0,1992,2011
1303,FCEQN,FCEQN-6421,1,1.0,1981,2011
1304,FCEQN,FCEQN-6422,1,1.0,1978,2011
1305,FCEQN,FCEQN-6423,2,1.0,1991,2011
1306,FCEQN,FCEQN-6424,1,1.0,1991,2008
1307,FCEQN,FCEQN-6425,1,1.0,1989,2006
1308,FCEQN,FCEQN-6427,1,1.0,1994,2011
1309,FCEQN,FCEQN-6428,2,1.0,1988,2011
1310,FCEQN,FCEQN-6034,2,1.0,1993,2011
1311,FCEQN,FCEQN-6429,2,1.0,1984,2011
1312,FCEQN,FCEQN-6430,1,1.0,1994,2011
1313,FCEQN,FCEQN-6431,1,1.0,1991,2011
1314,FCEQN,FCEQN-6432,1,1.0,1985,2011
1315,FCEQN,FCEQN-6029,2,2.0,1991,2011
1316,FCEQN,FCEQN-6444,2,1.0,1990,2011
1317,FCEQN,FCEQN-6061,1,1.0,1994,2011
1318,FCEQN,FCEQN-5986,1,1.0,1993,2011
1319,FCEQN,FCEQN-5998,2,1.0,1969,2011
1320,FCEQN,FCEQN-6252,2,1.0,1993,2011
1321,FCEQN,FCEQN-5993,2,1.0,1993,2011
1322,FCEQN,FCEQN-5969,2,1.0,1993,2011
1323,FCEQN,FCEQN-6072,1,1.0,1993,2011
1324,FCEQN,FCEQN-6370,1,1.0,1993,2011
1325,FCEQN,FCEQN-6224,2,1.0,1994,2011
1326,FCEQN,FCEQN-6090,2,1.0,1993,2011
1327,FCEQN,FCEQN-6086,2,1.0,1993,2011
1328,FCEQN,FCEQN-6445,2,1.0,1993,2011
1329,FCEQN,FCEQN-6237,1,1.0,1994,2011
1330,FCEQN,FCEQN-6446,1,2.0,1988,2011
1331,FCEQN,FCEQN-5843,2,1.0,1983,2011
1332,FCEQN,FCEQN-6131,2,1.0,1993,2011
1333,FCEQN,FCEQN-5996,2,1.0,1994,2011
1334,FCEQN,FCEQN-5838,1,1.0,1992,2011
1335,FCEQN,FCEQN-6025,2,1.0,1994,2011
1336,FCEQN,FCEQN-5930,2,1.0,1994,2011
1337,FCEQN,FCEQN-6004,1,1.0,1989,2011
1338,FCEQN,FCEQN-6447,1,1.0,1994,2011
1339,FCEQN,FCEQN-6178,2,1.0,1992,2011
1340,FCEQN,FCEQN-6179,2,1.0,1992,2011
1341,FCEQN,FCEQN-6071,2,1.0,1994,2011
1342,FCEQN,FCEQN-6051,1,1.0,1993,2011
1343,FCEQN,FCEQN-6448,1,1.0,1989,2007
1344,FCEQN,FCEQN-5956,2,1.0,1994,2011
1345,FCEQN,FCEQN-5854,2,1.0,1993,2011
1346,FCEQN,FCEQN-6159,2,1.0,1994,2011
1347,FCEQN,FCEQN-6455,1,1.0,1992,2011
1348,FCEQN,FCEQN-6366,1,1.0,1990,2011
1349,FCEQN,FCEQN-6199,1,2.0,1993,2011
1350,FCEQN,FCEQN-6458,1,1.0,1990,2011
1351,FCEQN,FCEQN-6097,2,1.0,1993,2011
1352,FCEQN,FCEQN-6227,2,1.0,1993,2011
1353,FCEQN,FCEQN-6312,2,3.0,1992,2011
1354,FCEQN,FCEQN-6250,2,1.0,1993,2011
1355,FCEQN,FCEQN-6221,1,1.0,1977,2011
1356,FCEQN,FCEQN-5933,1,1.0,1992,2011
1357,FCEQN,FCEQN-5855,2,1.0,1994,2011
1358,FCEQN,FCEQN-6234,2,1.0,1993,2011
1359,FCEQN,FCEQN-5973,2,1.0,1994,2011
1360,FCEQN,FCEQN-6047,2,2.0,1993,2011
1361,FCEQN,FCEQN-6409,1,1.0,1993,2011
1362,FCEQN,FCEQN-5985,2,2.0,1994,2011
1363,FCEQN,FCEQN-6339,1,1.0,1992,2009
1364,FCEQN,FCEQN-6464,1,1.0,1991,2011
1365,FCEQN,FCEQN-6465,1,1.0,1993,2011
1366,FCEQN,FCEQN-6247,2,1.0,1991,2010
1367,FCEQN,FCEQN-6235,2,1.0,1994,2011
1368,FCEQN,FCEQN-6461,1,1.0,1993,2011
1369,FCEQN,FCEQN-6468,2,1.0,1994,2011
1370,FCEQN,FCEQN-6469,2,1.0,1994,2011
1371,FCEQN,FCEQN-6470,1,1.0,1993,2011
1372,FCEQN,FCEQN-5963,2,1.0,1993,2011
1373,FCEQN,FCEQN-6230,2,1.0,1994,2011
1374,FCEQN,FCEQN-5736,2,1.0,1991,2011
1375,FCEQN,FCEQN-6225,2,1.0,1993,2011
1376,FCEQN,FCEQN-5751,1,1.0,1992,2011
1377,FCEQN,FCEQN-6161,2,1.0,1993,2011
1378,FCEQN,FCEQN-6350,1,1.0,1993,2011
1379,FCEQN,FCEQN-6472,2,1.0,1993,2011
1380,FCEQN,FCEQN-6474,2,1.0,1993,2011
1381,FCEQN,FCEQN-6475,1,1.0,1991,2011
1382,FCEQN,FCEQN-5435,1,1.0,1992,2011
1383,FCEQN,FCEQN-6476,1,1.0,1994,2011
1384,FCEQN,FCEQN-6182,2,1.0,1993,2011
1385,FCEQN,FCEQN-5848,2,1.0,1994,2011
1386,FCEQN,FCEQN-6477,1,1.0,1992,2011
1387,FCEQN,FCEQN-6479,1,1.0,1924,1985
1388,FCEQN,FCEQN-6155,2,1.0,1991,2011
1389,FCEQN,FCEQN-6043,2,1.0,1993,2011
1390,FCEQN,FCEQN-6473,1,1.0,1993,2011
1391,FCEQN,FCEQN-6376,1,1.0,1993,2010
1392,FCEQN,FCEQN-6023,2,1.0,1994,2011
1393,FCEQN,FCEQN-6480,1,1.0,1994,2011
1394,FCEQN,FCEQN-6176,2,1.0,1994,2011
1395,FCEQN,FCEQN-6482,2,1.0,1993,2011
1396,FCEQN,FCEQN-6484,2,1.0,1993,2011
1397,FCEQN,FCEQN-6485,2,1.0,1991,2011
1398,FCEQN,FCEQN-6340,1,1.0,1994,2011
1399,FCEQN,FCEQN-6486,2,1.0,1988,2011
1400,FCEQN,FCEQN-6487,1,1.0,1992,2011
1401,FCEQN,FCEQN-6222,2,3.0,1993,2011
1402,FCEQN,FCEQN-6488,1,1.0,1993,2010
1403,FCEQN,FCEQN-6124,1,1.0,1993,2011
1404,FCEQN,FCEQN-6021,2,1.0,1994,2011
1405,FCEQN,FCEQN-5999,2,1.0,1993,2011
1406,FCEQN,FCEQN-1758,2,1.0,1988,2005
1407,FCEQN,FCEQN-6426,1,1.0,1983,2000
1408,FCEQN,FCEQN-6248,2,1.0,1994,2011
1409,FCEQN,FCEQN-6054,2,1.0,1994,2011
1410,FCEQN,FCEQN-6326,1,1.0,1994,2011
1411,FCEQN,FCEQN-6327,2,1.0,1994,2011
1412,FCEQN,FCEQN-4595,2,1.0,1991,2011
1413,FCEQN,FCEQN-4916,1,1.0,1991,2011
1414,FCEQN,FCEQN-6471,1,1.0,1994,2011
1415,FCEQN,FCEQN-6356,2,1.0,1994,2011
1416,FCEQN,FCEQN-5821,2,1.0,1994,2011
1417,FCEQN,FCEQN-3585,2,1.0,1989,2011
1418,FCEQN,FCEQN-5847,1,1.0,1994,2011
1419,FCEQN,FCEQN-1524,2,1.0,1988,2005
1420,FCEQN,FCEQN-4802,2,1.0,1992,2011
1421,FCEQN,FCEQN-5871,1,1.0,1994,2011
1422,FCEQN,FCEQN-6074,2,1.0,1994,2011
1423,FCEQN,FCEQN-5646,2,1.0,1993,2011
1424,FCEQN,FCEQN-4512,1,1.0,1990,2007
1425,FCEQN,FCEQN-5213,1,1.0,1991,2011
1426,FCEQN,FCEQN-5223,1,1.0,1992,2010
1427,FCEQN,FCEQN-4628,1,1.0,1991,2011
1428,FCEQN,FCEQN-4851,2,1.0,1991,2011
1429,FCEQN,FCEQN-3460,2,1.0,1986,2011
1430,FCEQN,FCEQN-4506,1,1.0,1991,2011
1431,FCEQN,FCEQN-5136,1,1.0,1991,2011
1432,FCEQN,FCEQN-5548,1,1.0,1993,2011
1433,FCEQN,FCEQN-5826,1,1.0,1994,2011
1434,FCEQN,FCEQN-6164,2,1.0,1992,2011
1435,FCEQN,FCEQN-6394,2,1.0,1994,2011
1436,FCEQN,FCEQN-6403,2,1.0,1993,2011
1437,FCEQN,FCEQN-6481,1,1.0,1985,2011
1438,FCEQN,FCEQN-3469,2,1.0,1989,2011
1439,FCEQN,FCEQN-3503,2,1.0,1989,2011
1440,FCEQN,FCEQN-6196,1,1.0,1993,2011
1441,FCEQN,FCEQN-5216,2,1.0,1984,2011
1442,FCEQN,FCEQN-5547,1,1.0,1989,2011
1443,FCEQN,FCEQN-5677,2,1.0,1993,2011
1444,FCEQN,FCEQN-5898,1,1.0,1991,2011
1445,FCEQN,FCEQN-4195,2,1.0,1990,2008
1446,FCEQN,FCEQN-5464,2,1.0,1992,2010
1447,FCEQN,FCEQN-5658,1,1.0,1991,2009
1448,FCEQN,FCEQN-1939,1,1.0,1987,2005
1449,FCEQN,FCEQN-5819,2,1.0,1993,2011
1450,FCEQN,FCEQN-6207,2,1.0,1994,2011
1451,FCEQN,FCEQN-5457,1,1.0,1993,2010
1452,FCEQN,FCEQN-5119,1,1.0,1990,2009
1453,FCEQN,FCEQN-5200,1,1.0,1992,2010
1454,FCEQN,FCEQN-5264,2,1.0,1992,2011
1455,FCEQN,FCEQN-5322,1,1.0,1992,2010
1456,FCEQN,FCEQN-5399,1,1.0,1991,2011
1457,FCEQN,FCEQN-5414,1,1.0,1992,2011
1458,FCEQN,FCEQN-5470,1,1.0,1992,2010
1459,FCEQN,FCEQN-5471,1,1.0,1991,2011
1460,FCEQN,FCEQN-4521,2,1.0,1990,2011
1461,FCEQN,FCEQN-4710,1,1.0,1990,2009
1462,FCEQN,FCEQN-5598,2,1.0,992,2010
1463,FCEQN,FCEQN-5911,1,1.0,1993,2011
1464,FCEQN,FCEQN-5967,2,1.0,1993,2011
1465,FCEQN,FCEQN-6060,2,1.0,1993,2011
1466,FCEQN,FCEQN-6107,2,1.0,1994,2011
1467,FCEQN,FCEQN-6313,2,1.0,1993,2011
1468,FCEQN,FCEQN-3438,1,1.0,1989,2011
1469,FCEQN,FCEQN-6066,1,1.0,1993,2011
1470,FCEQN,FCEQN-4402,2,1.0,1986,2004
1471,FCEQN,FCEQN-5908,2,1.0,1994,2011
1472,FCEQN,FCEQN-5835,2,1.0,1994,2011
1473,FCEQN,FCEQN-6377,2,1.0,1994,2011
1474,FCEQN,FCEQN-5447,1,1.0,1987,2010
1475,FCEQN,FCEQN-2653,2,1.0,1988,2006
1476,FCEQN,FCEQN-4305,2,1.0,1990,2008
1477,FCEQN,FCEQN-4656,1,1.0,1992,2011
1478,FCEQN,FCEQN-5657,1,1.0,1990,2011
1479,FCEQN,FCEQN-5660,1,1.0,1993,2011
1480,FCEQN,FCEQN-6322,2,1.0,1993,2012
1481,FCEQN,FCEQN-6456,1,1.0,1993,2011
1482,FCEQN,FCEQN-3969,1,1.0,1988,2011
1483,FCEQN,FCEQN-4980,1,1.0,1992,2011
1484,FCEQN,FCEQN-5179,1,1.0,1988,2008
1485,FCEQN,FCEQN-5315,1,1.0,1982,2011
1486,FCEQN,FCEQN-5764,1,1.0,1992,2011
1487,FCEQN,FCEQN-5944,2,1.0,1991,2004
1488,FCEQN,FCEQN-5994,1,1.0,1994,2011
1489,FCEQN,FCEQN-6220,1,1.0,1994,2011
1490,FCEQN,FCEQN-6320,2,1.0,1994,2011
1491,FCEQN,FCEQN-4275,1,1.0,1989,2007
1492,FCEQN,FCEQN-5590,2,1.0,1992,2011
1493,FCEQN,FCEQN-5893,2,1.0,1988,2011
1494,FCEQN,FCEQN-6372,1,1.0,1993,2011
1495,FCEQN,FCEQN-6373,1,1.0,1993,2011
1496,FCEQN,FCEQN-5107,2,1.0,1990,2011
1497,FCEQN,FCEQN-5569,1,1.0,1993,2010
1498,FCEQN,FCEQN-5824,2,1.0,1988,2011
1499,FCEQN,FCEQN-5859,2,1.0,1993,2011
1500,FCEQN,FCEQN-5693,2,1.0,1992,2011
1501,FCEQN,FCEQN-6333,2,1.0,1993,2011
1502,FCEQN,FCEQN-6466,1,1.0,1994,2011
1503,FCEQN,FCEQN-5270,1,1.0,1992,2011
1504,FCEQN,FCEQN-5991,2,1.0,1993,2011
1505,FCEQN,FCEQN-5185,2,1.0,1993,2011
1506,FCEQN,FCEQN-5837,2,1.0,1989,2011
1507,FCEQN,FCEQN-6092,2,1.0,1994,2011
1508,FCEQN,FCEQN-5042,2,1.0,1992,2011
1509,FCEQN,FCEQN-6213,1,1.0,1994,2011
1510,FCEQN,FCEQN-5230,2,1.0,1992,2016
1511,FCEQN,FCEQN-5133,2,1.0,1988,2011
1512,FCEQN,FCEQN-5452,1,1.0,1992,2010
1513,FCEQN,FCEQN-5664,2,1.0,1992,2011
1514,FCEQN,FCEQN-5921,2,1.0,1994,2011
1515,FCEQN,FCEQN-6420,2,1.0,1993,2011
1516,FCEQN,FCEQN-5936,1,1.0,1990,2008
1517,FCEQN,FCEQN-5818,2,1.0,1993,2011
1518,FCEQN,FCEQN-5987,1,1.0,1994,2011
1519,FCEQN,FCEQN-6460,1,1.0,1994,2011
1520,FCEQN,FCEQN-5199,2,1.0,1992,2010
1521,FCEQN,FCEQN-5130,2,1.0,1992,2010
1522,FCEQN,FCEQN-5995,2,1.0,1993,2011
1523,FCEQN,FCEQN-6005,2,1.0,1994,2011
1524,FCEQN,FCEQN-5787,1,1.0,1990,2007
1525,FCEQN,FCEQN-5296,2,1.0,1993,2010
1526,FCEQN,FCEQN-5884,2,1.0,1994,2011
1527,FCEQN,FCEQN-5941,1,1.0,1994,2012
1528,FCEQN,FCEQN-6175,1,1.0,1993,2011
1529,FCEQN,FCEQN-5138,2,1.0,1993,2010
1530,FCEQN,FCEQN-5829,2,1.0,1994,2011
1531,FCEQN,FCEQN-6022,2,1.0,1993,2011
1532,FCEQN,FCEQN-5832,2,1.0,1990,2012
1533,FCEQN,FCEQN-6156,2,1.0,1994,2011
1534,FCEQN,FCEQN-4707,2,1.0,1992,2011
1535,FCEQN,FCEQN-5284,1,1.0,1992,2010
1536,FCEQN,FCEQN-5449,1,1.0,1992,2010
1537,FCEQN,FCEQN-5591,1,1.0,1991,2009
1538,FCEQN,FCEQN-5984,1,1.0,1993,2011
1539,FCEQN,5130,2,1.0,1981,2011
1540,FCEQN,FCEQN-4497,2,1.0,1991,2011
1541,FCEQN,FCEQN-5288,1,1.0,1993,2010
1542,FCEQN,FCEQN-5468,1,1.0,1991,2009
1543,FCEQN,FCEQN-5958,2,1.0,1994,2011
1544,FCEQN,FCEQN-4871,2,1.0,1992,2011
1545,FCEQN,FCEQN-5266,2,1.0,1993,2010
1546,FCEQN,FCEQN-6204,1,1.0,1993,2011
1547,FCEQN,FCEQN-6285,2,1.0,1991,2009
1548,FCEQN,FCEQN-6451,1,1.0,1993,2012
1549,FCEQN,FCEQN-6000,2,1.0,1994,2011
1550,FCEQN,FCEQN-5479,2,1.0,1989,2011
1551,FCEQN,FCEQN-5946,2,1.0,1994,2011
1552,FCEQN,FCEQN-5030,2,1.0,1992,2009
1553,FCEQN,FCEQN-5058,1,1.0,1991,2010
1554,FCEQN,FCEQN-5453,2,1.0,1993,2010
1555,FCEQN,FCEQN-5945,2,1.0,1993,2010
1556,FCEQN,FCEQN-5983,2,1.0,1993,2012
1557,FCEQN,FCEQN-5739,2,1.0,1990,2011
1558,FCEQN,FCEQN-5982,1,1.0,1990,2008
1559,FCEQN,FCEQN-5839,2,1.0,1988,2011
1560,FCEQN,FCEQN-6483,2,1.0,1994,2011
1561,FCEQN,FCEQN-4,1,1.0,1985,2011
1562,FCEQN,FCEQN-6492,1,1.0,1989,2011
1563,FCEQN,FCEQN-6496,1,1.0,1992,2011
1564,FCEQN,FCEQN-6497,2,1.0,1995,2011
1565,FCEQN,FCEQN-6499,2,1.0,1994,2011
1566,FCEQN,FCEQN-6500,1,1.0,1994,2011
1567,FCEQN,FCEQN-6501,2,1.0,1994,2011
1568,FCEQN,FCEQN-6504,1,1.0,1994,2011
1569,FCEQN,FCEQN-6503,1,1.0,1987,2011
1570,FCEQN,FCEQN-6505,1,1.0,1992,2011
1571,FCEQN,FCEQN-6506,1,1.0,1986,2011
1572,FCEQN,FCEQN-6511,1,1.0,1995,2011
1573,FCEQN,FCEQN-6512,1,1.0,1994,2018
1574,FCEQN,FCEQN-6513,1,1.0,1995,2011
1575,FCEQN,FCEQN-6514,1,1.0,1992,2011
1576,FCEQN,FCEQN-6515,2,1.0,1995,2011
1577,FCEQN,FCEQN-6516,1,1.0,1978,2011
1578,FCEQN,FCEQN-6517,1,1.0,1994,2011
1579,FCEQN,FCEQN-6518,2,1.0,1994,2011
1580,FCEQN,FCEQN-6521,2,1.0,1994,2011
1581,FCEQN,FCEQN-6522,1,1.0,1988,2011
1582,FCEQN,FCEQN-6523,2,1.0,1994,2011
1583,FCEQN,FCEQN-6524,1,1.0,1994,2011
1584,FCEQN,FCEQN-6526,1,1.0,1993,2011
1585,FCEQN,FCEQN-6528,1,1.0,1994,2011
1586,FCEQN,FCEQN-6529,2,1.0,1994,2011
1587,FCEQN,FCEQN-6530,1,1.0,1995,2011
1588,FCEQN,FCEQN-6533,2,1.0,1994,2011
1589,FCEQN,FCEQN-6536,1,1.0,1994,2011
1590,FCEQN,FCEQN-6537,2,1.0,1958,2011
1591,FCEQN,FCEQN-6539,2,1.0,1994,2011
1592,FCEQN,FCEQN-6541,1,1.0,1989,2011
1593,FCEQN,FCEQN-6542,2,1.0,1989,2011
1594,FCEQN,FCEQN-6543,2,1.0,1981,2011
1595,FCEQN,FCEQN-6544,1,1.0,1994,2011
1596,FCEQN,FCEQN-6545,1,1.0,1993,2011
1597,FCEQN,FCEQN-6546,1,1.0,1202,2011
1598,FCEQN,FCEQN-6548,1,1.0,1992,2011
1599,FCEQN,FCEQN-6549,1,1.0,1994,2011
1600,FCEQN,FCEQN-6550,1,1.0,1994,2011
1601,FCEQN,FCEQN-6551,1,1.0,1982,2011
1602,FCEQN,FCEQN-6552,1,1.0,1980,2011
1603,FCEQN,FCEQN-5866,2,1.0,1994,2011
1604,FCEQN,FCEQN-6555,1,1.0,1993,2011
1605,FCEQN,FCEQN-5918,2,1.0,1994,2011
1606,FCEQN,FCEQN-6556,1,1.0,1991,2018
1607,FCEQN,FCEQN-6559,1,1.0,1990,2011
1608,FCEQN,FCEQN-6560,2,1.0,1994,2011
1609,FCEQN,FCEQN-6561,2,1.0,1994,2011
1610,FCEQN,FCEQN-6562,1,1.0,1994,2011
1611,FCEQN,FCEQN-6563,2,1.0,1995,2011
1612,FCEQN,FCEQN-6564,1,1.0,1995,2011
1613,FCEQN,FCEQN-6566,1,1.0,1994,2011
1614,FCEQN,FCEQN-6569,1,1.0,1993,2011
1615,FCEQN,FCEQN-6571,1,1.0,1989,2011
1616,FCEQN,FCEQN-6572,1,1.0,1995,2011
1617,FCEQN,FCEQN-6574,1,1.0,1994,2011
1618,FCEQN,FCEQN-6575,2,1.0,1990,2011
1619,FCEQN,FCEQN-6576,2,1.0,1986,2011
1620,FCEQN,FCEQN-6577,1,1.0,1995,2011
1621,FCEQN,FCEQN-6578,1,1.0,1988,2011
1622,FCEQN,FCEQN-6579,1,1.0,1994,2011
1623,FCEQN,FCEQN-6580,1,1.0,1994,2011
1624,FCEQN,FCEQN-6581,1,1.0,1995,2011
1625,FCEQN,FCEQN-6582,1,1.0,1992,2011
1626,FCEQN,FCEQN-6583,2,1.0,1993,2011
1627,FCEQN,FCEQN-6584,2,1.0,1995,2011
1628,FCEQN,FCEQN-6586,2,1.0,1995,2011
1629,FCEQN,FCEQN-6588,1,1.0,1995,2011
1630,FCEQN,FCEQN-6592,1,1.0,1995,2011
1631,FCEQN,FCEQN-6593,2,1.0,1995,2011
1632,FCEQN,FCEQN-6595,1,1.0,1995,2011
1633,FCEQN,FCEQN-6598,1,1.0,1995,2011
1634,FCEQN,FCEQN-6599,1,1.0,1992,2011
1635,FCEQN,FCEQN-6600,2,1.0,1994,2011
1636,FCEQN,FCEQN-6603,1,1.0,1989,2011
1637,FCEQN,FCEQN-6605,2,1.0,1989,2011
1638,FCEQN,FCEQN-6608,1,1.0,1987,2011
1639,FCEQN,FCEQN-6609,1,1.0,1994,2011
1640,FCEQN,FCEQN-6610,1,1.0,1995,2011
1641,FCEQN,FCEQN-6611,1,1.0,1995,2011
1642,FCEQN,FCEQN-6613,2,1.0,1994,2011
1643,FCEQN,FCEQN-6615,1,1.0,1995,2011
1644,FCEQN,FCEQN-6617,1,1.0,1991,2011
1645,FCEQN,FCEQN-6619,1,1.0,1995,2011
1646,FCEQN,FCEQN-6621,1,1.0,1995,2011
1647,FCEQN,FCEQN-6625,1,1.0,1993,2011
1648,FCEQN,FCEQN-6627,1,1.0,1992,2011
1649,FCEQN,FCEQN-6628,1,1.0,1992,2011
1650,FCEQN,FCEQN-6629,1,1.0,1995,2011
1651,FCEQN,FCEQN-6630,1,1.0,1974,2011
1652,FCEQN,FCEQN-6633,1,1.0,1990,2011
1653,FCEQN,FCEQN-6634,1,1.0,1995,2011
1654,FCEQN,FCEQN-6637,1,1.0,1994,2011
1655,FCEQN,FCEQN-6638,1,1.0,1994,2011
1656,FCEQN,FCEQN-6639,1,1.0,1993,2011
1657,FCEQN,FCEQN-6640,1,1.0,1992,2011
1658,FCEQN,FCEQN-6644,1,1.0,1994,2011
1659,FCEQN,FCEQN-6646,1,1.0,1994,2011
1660,FCEQN,FCEQN-6648,1,1.0,1994,2011
1661,FCEQN,FCEQN-6651,1,1.0,1985,2011
1662,FCEQN,FCEQN-6652,2,1.0,1995,2011
1663,FCEQN,FCEQN-6654,2,1.0,1993,2011
1664,FCEQN,FCEQN-6655,1,1.0,1992,2011
1665,FCEQN,FCEQN-6660,1,1.0,1990,2011
1666,FCEQN,FCEQN-6661,2,1.0,1995,2011
1667,FCEQN,FCEQN-6662,1,1.0,1993,2011
1668,FCEQN,FCEQN-6663,1,1.0,1994,2011
1669,FCEQN,FCEQN-6664,1,1.0,1994,2011
1670,FCEQN,FCEQN-6665,1,1.0,1994,2011
1671,FCEQN,FCEQN-6667,1,1.0,1994,2011
1672,FCEQN,FCEQN-6668,1,1.0,1994,2011
1673,FCEQN,FCEQN-6669,1,1.0,1994,2011
1674,FCEQN,FCEQN-6670,1,1.0,1993,2011
1675,FCEQN,FCEQN-6672,1,1.0,1992,2011
1676,FCEQN,FCEQN-6673,2,2.0,1993,2011
1677,FCEQN,FCEQN-6674,1,1.0,1994,2011
1678,FCEQN,FCEQN-6675,1,1.0,1994,2011
1679,FCEQN,FCEQN-6676,1,1.0,1994,2011
1680,FCEQN,FCEQN-6677,1,1.0,1992,2018
1681,FCEQN,FCEQN-6678,1,1.0,1994,2011
1682,FCEQN,FCEQN-6679,1,1.0,1995,2011
1683,FCEQN,FCEQN-6684,2,1.0,1981,2011
1684,FCEQN,FCEQN-6685,2,1.0,1995,2011
1685,FCEQN,FCEQN-6686,1,1.0,1992,2011
1686,FCEQN,FCEQN-6687,1,1.0,1995,2011
1687,FCEQN,FCEQN-6688,2,1.0,1994,2011
1688,FCEQN,FCEQN-6689,2,1.0,1990,2011
1689,FCEQN,FCEQN-6692,1,1.0,1991,2011
1690,FCEQN,FCEQN-6693,2,1.0,1994,2011
1691,FCEQN,FCEQN-6694,1,1.0,1995,2011
1692,FCEQN,FCEQN-6698,1,1.0,1994,2011
1693,FCEQN,FCEQN-6699,1,1.0,1993,2011
1694,FCEQN,FCEQN-6701,1,1.0,1995,2011
1695,FCEQN,FCEQN-6703,2,1.0,1995,2011
1696,FCEQN,FCEQN-6704,1,1.0,1994,2011
1697,FCEQN,FCEQN-6706,2,1.0,1995,2011
1698,FCEQN,FCEQN-6707,1,1.0,1995,2011
1699,FCEQN,FCEQN-6709,2,1.0,1994,2011
1700,FCEQN,FCEQN-6710,1,1.0,1993,2011
1701,FCEQN,FCEQN-6711,1,1.0,1992,2011
1702,FCEQN,FCEQN-6712,2,1.0,1995,2011
1703,FCEQN,FCEQN-6713,1,1.0,1993,2011
1704,FCEQN,FCEQN-6716,1,1.0,1993,2011
1705,FCEQN,FCEQN-6718,1,2.0,1994,2011
1706,FCEQN,FCEQN-6720,1,1.0,1994,2011
1707,FCEQN,FCEQN-6721,1,1.0,1993,2011
1708,FCEQN,FCEQN-6722,1,1.0,1982,2011
1709,FCEQN,FCEQN-6726,2,1.0,1993,2011
1710,FCEQN,FCEQN-6727,2,1.0,1995,2011
1711,FCEQN,FCEQN-6728,1,1.0,1994,2011
1712,FCEQN,FCEQN-6729,1,1.0,1995,2011
1713,FCEQN,FCEQN-6730,1,1.0,1995,2011
1714,FCEQN,FCEQN-6731,1,1.0,1994,2011
1715,FCEQN,FCEQN-6732,1,1.0,1995,2011
1716,FCEQN,FCEQN-6733,1,1.0,1991,2011
1717,FCEQN,FCEQN-6735,1,1.0,1995,1996
1718,FCEQN,FCEQN-6738,1,1.0,1995,2011
1719,FCEQN,FCEQN-6740,1,1.0,1992,2011
1720,FCEQN,FCEQN-6745,1,4.0,1994,2011
1721,FCEQN,FCEQN-6748,1,1.0,1981,2011
1722,FCEQN,FCEQN-6750,1,1.0,1992,2011
1723,FCEQN,FCEQN-6751,1,1.0,1994,2011
1724,FCEQN,FCEQN-6752,2,1.0,1972,2011
1725,FCEQN,FCEQN-6753,1,1.0,1993,2011
1726,FCEQN,FCEQN-6754,2,1.0,1994,2011
1727,FCEQN,FCEQN-6755,1,1.0,1995,2011
1728,FCEQN,FCEQN-6756,2,1.0,1995,2011
1729,FCEQN,FCEQN-6757,1,1.0,1995,2011
1730,FCEQN,FCEQN-6758,1,1.0,1995,2011
1731,FCEQN,FCEQN-6759,1,1.0,1995,2011
1732,FCEQN,FCEQN-6760,1,1.0,1995,2011
1733,FCEQN,5101,2,1.0,1979,1996
1734,FCEQN,FCEQN-5273,1,1.0,1992,2009
1735,FCEQN,FCEQN-6761,1,1.0,1990,2011
1736,FCEQN,FCEQN-6762,1,1.0,1995,2011
1737,FCEQN,FCEQN-6771,1,1.0,1992,2011
1738,FCEQN,FCEQN-6773,1,1.0,1992,2011
1739,FCEQN,FCEQN-6774,1,1.0,1994,2011
1740,FCEQN,FCEQN-6775,1,1.0,1994,2011
1741,FCEQN,FCEQN-6776,1,1.0,1991,2011
1742,FCEQN,FCEQN-6777,1,1.0,1994,2011
1743,FCEQN,FCEQN-6779,2,1.0,1993,2011
1744,FCEQN,FCEQN-6780,2,1.0,1995,2011
1745,FCEQN,FCEQN-6782,1,1.0,1995,2011
1746,FCEQN,FCEQN-6783,2,1.0,1993,2011
1747,FCEQN,FCEQN-6785,1,1.0,1995,2011
1748,FCEQN,FCEQN-6786,2,1.0,1989,2011
1749,FCEQN,FCEQN-6787,1,1.0,1995,2011
1750,FCEQN,FCEQN-6788,2,1.0,1986,2011
1751,FCEQN,FCEQN-6789,1,1.0,1995,2011
1752,FCEQN,FCEQN-6790,1,1.0,1995,2011
1753,FCEQN,FCEQN-6791,1,1.0,1994,201
1754,FCEQN,FCEQN-6792,1,1.0,1995,2019
1755,FCEQN,FCEQN-6794,2,1.0,1995,2011
1756,FCEQN,FCEQN-6799,1,1.0,1991,2011
1757,FCEQN,FCEQN-6800,1,1.0,1992,2011
1758,FCEQN,FCEQN-6802,1,1.0,1995,2011
1759,FCEQN,FCEQN-6803,1,1.0,1994,2011
1760,FCEQN,FCEQN-6804,1,1.0,1994,2011
1761,FCEQN,FCEQN-6805,1,1.0,1994,2011
1762,FCEQN,FCEQN-6806,1,1.0,1982,2011
1763,FCEQN,FCEQN-6807,1,1.0,1993,2011
1764,FCEQN,FCEQN-6808,2,1.0,1995,2011
1765,FCEQN,FCEQN-6809,1,1.0,1995,2011
1766,FCEQN,FCEQN-6810,1,1.0,1994,2011
1767,FCEQN,FCEQN-6811,1,1.0,1990,2011
1768,FCEQN,FCEQN-6812,1,1.0,1996,2011
1769,FCEQN,FCEQN-6813,1,1.0,1994,2011
1770,FCEQN,FCEQN-6815,1,1.0,1994,2011
1771,FCEQN,FCEQN-6816,1,1.0,1994,2011
1772,FCEQN,FCEQN-6817,2,1.0,1995,2011
1773,FCEQN,FCEQN-6818,2,1.0,1995,2011
1774,FCEQN,FCEQN-6819,2,1.0,1994,2011
1775,FCEQN,FCEQN-6820,1,1.0,1991,2011
1776,FCEQN,FCEQN-6821,1,1.0,1990,2011
1777,FCEQN,FCEQN-6822,2,1.0,1994,2011
1778,FCEQN,FCEQN-6823,2,1.0,1995,2011
1779,FCEQN,FCEQN-6825,1,1.0,1994,2011
1780,FCEQN,FCEQN-6826,2,1.0,1995,2011
1781,FCEQN,FCEQN-6827,2,1.0,1991,2011
1782,FCEQN,FCEQN-6828,1,1.0,1995,2011
1783,FCEQN,FCEQN-6829,2,1.0,1986,2011
1784,FCEQN,FCEQN-6830,1,1.0,1994,2011
1785,FCEQN,FCEQN-6831,1,1.0,1978,2011
1786,FCEQN,FCEQN-6833,1,1.0,1995,2011
1787,FCEQN,FCEQN-6834,1,1.0,1994,2011
1788,FCEQN,FCEQN-6835,1,1.0,1995,2011
1789,FCEQN,FCEQN-6836,1,1.0,1994,2011
1790,FCEQN,FCEQN-6837,1,1.0,1994,2016
1791,FCEQN,FCEQN-6840,1,1.0,1995,2016
1792,FCEQN,FCEQN-6842,1,1.0,1995,2016
1793,FCEQN,FCEQN-6843,1,1.0,1995,2011
1794,FCEQN,FCEQN-6844,1,1.0,1995,2011
1795,FCEQN,FCEQN-6845,1,1.0,1995,2011
1796,FCEQN,FCEQN-2439,2,1.0,1989,2006
1797,FCEQN,FCEQN-6846,1,1.0,1995,2011
1798,FCEQN,FCEQN-6847,2,1.0,1994,2011
1799,FCEQN,FCEQN-6848,1,1.0,1995,2011
1800,FCEQN,FCEQN-6853,1,1.0,1995,2011
1801,FCEQN,FCEQN-6855,2,1.0,1994,2011
1802,FCEQN,FCEQN-6857,1,1.0,1994,2011
1803,FCEQN,FCEQN-6858,2,1.0,1989,2011
1804,FCEQN,FCEQN-6859,1,1.0,1992,2011
1805,FCEQN,FCEQN-6860,1,1.0,1995,2011
1806,FCEQN,FCEQN-6861,2,1.0,1994,2011
1807,FCEQN,FCEQN-6862,1,1.0,1994,2011
1808,FCEQN,FCEQN-6863,2,1.0,1990,2011
1809,FCEQN,FCEQN-6864,1,1.0,1993,2011
1810,FCEQN,FCEQN-6865,1,1.0,1995,2011
1811,FCEQN,FCEQN-6867,2,1.0,1995,2011
1812,FCEQN,FCEQN-6868,1,1.0,1986,2011
1813,FCEQN,FCEQN-6869,1,1.0,1993,2011
1814,FCEQN,FCEQN-6871,1,1.0,1994,2011
1815,FCEQN,FCEQN-6872,1,1.0,1994,2011
1816,FCEQN,FCEQN-6873,1,1.0,1992,2011
1817,FCEQN,FCEQN-6874,1,1.0,1995,2011
1818,FCEQN,FCEQN-6877,1,1.0,1995,2011
1819,FCEQN,FCEQN-6878,1,1.0,1995,2011
1820,FCEQN,FCEQN-6880,1,1.0,1994,2011
1821,FCEQN,FCEQN-6882,1,1.0,1994,2011
1822,FCEQN,FCEQN-6883,1,1.0,1995,2011
1823,FCEQN,FCEQN-6884,1,1.0,1993,2011
1824,FCEQN,FCEQN-6886,1,1.0,1995,2011
1825,FCEQN,FCEQN-6888,2,1.0,1992,2011
1826,FCEQN,FCEQN-6889,1,1.0,1995,2011
1827,FCEQN,FCEQN-6890,1,1.0,1994,2011
1828,FCEQN,FCEQN-6892,1,1.0,1995,2011
1829,FCEQN,FCEQN-6893,2,1.0,1995,2011
1830,FCEQN,FCEQN-6894,1,1.0,1971,2011
1831,FCEQN,FCEQN-6895,1,1.0,1995,2011
1832,FCEQN,FCEQN-6896,1,1.0,1995,2011
1833,FCEQN,FCEQN-6898,2,1.0,1994,2011
1834,FCEQN,FCEQN-6900,1,1.0,1989,2011
1835,FCEQN,FCEQN-6901,1,1.0,1991,2011
1836,FCEQN,FCEQN-6903,2,1.0,1995,2011
1837,FCEQN,FCEQN-6904,1,1.0,1994,2011
1838,FCEQN,FCEQN-6905,1,1.0,1983,2011
1839,FCEQN,FCEQN-6906,1,1.0,1973,2011
1840,FCEQN,FCEQN-6907,1,1.0,1987,2011
1841,FCEQN,FCEQN-6908,1,1.0,1994,2011
1842,FCEQN,FCEQN-6910,1,1.0,1995,2011
1843,FCEQN,FCEQN-6911,1,1.0,1994,2011
1844,FCEQN,FCEQN-6912,1,1.0,1995,2011
1845,FCEQN,FCEQN-6913,1,1.0,1990,2011
1846,FCEQN,FCEQN-6914,1,1.0,1995,2011
1847,FCEQN,FCEQN-6915,1,1.0,1995,2011
1848,FCEQN,FCEQN-6916,1,1.0,1993,2011
1849,FCEQN,FCEQN-6917,1,1.0,1994,2011
1850,FCEQN,FCEQN-6918,1,1.0,1994,2011
1851,FCEQN,FCEQN-6920,1,1.0,1992,2011
1852,FCEQN,FCEQN-6921,1,1.0,1995,2011
1853,FCEQN,FCEQN-6922,1,1.0,1993,2011
1854,FCEQN,FCEQN-6923,1,1.0,1992,2011
1855,FCEQN,FCEQN-6924,1,1.0,1994,2011
1856,FCEQN,FCEQN-6925,1,1.0,1994,2011
1857,FCEQN,FCEQN-6926,1,1.0,1981,2011
1858,FCEQN,FCEQN-6928,1,1.0,1993,2011
1859,FCEQN,FCEQN-6929,1,1.0,1993,2011
1860,FCEQN,FCEQN-6930,1,1.0,1995,2011
1861,FCEQN,FCEQN-6933,1,1.0,1993,2011
1862,FCEQN,FCEQN-6934,1,1.0,1993,2011
1863,FCEQN,FCEQN-6935,2,1.0,1995,2011
1864,FCEQN,FCEQN-6937,1,1.0,1995,2015
1865,FCEQN,FCEQN-6938,1,1.0,1995,2011
1866,FCEQN,FCEQN-6939,1,1.0,1993,2011
1867,FCEQN,FCEQN-6940,1,1.0,1994,2011
1868,FCEQN,FCEQN-6941,1,1.0,1994,2011
1869,FCEQN,FCEQN-6942,2,1.0,1995,2011
1870,FCEQN,FCEQN-6943,2,2.0,1994,2011
1871,FCEQN,FCEQN-6944,1,1.0,1987,2011
1872,FCEQN,FCEQN-6945,2,1.0,1995,2011
1873,FCEQN,FCEQN-6946,1,1.0,1995,2011
1874,FCEQN,FCEQN-6948,2,1.0,1994,2011
1875,FCEQN,FCEQN-6949,2,1.0,1994,2011
1876,FCEQN,FCEQN-6950,2,1.0,1993,2011
1877,FCEQN,FCEQN-6951,1,1.0,1990,2011
1878,FCEQN,FCEQN-6952,1,1.0,1994,2011
1879,FCEQN,FCEQN-6954,2,1.0,1992,2011
1880,FCEQN,FCEQN-6957,2,1.0,1990,2011
1881,FCEQN,FCEQN-6959,2,1.0,1994,2011
1882,FCEQN,FCEQN-6960,1,1.0,1986,2011
1883,FCEQN,FCEQN-6961,1,1.0,1995,2011
1884,FCEQN,FCEQN-6962,2,1.0,1992,2011
1885,FCEQN,FCEQN-6963,2,1.0,1992,2011
1886,FCEQN,FCEQN-6964,2,1.0,1991,2011
1887,FCEQN,FCEQN-6965,2,1.0,1994,2011
1888,FCEQN,FCEQN-6966,2,1.0,1994,2011
1889,FCEQN,FCEQN-6967,2,1.0,1994,2011
1890,FCEQN,FCEQN-6968,2,1.0,1993,2011
1891,FCEQN,FCEQN-6970,1,1.0,1994,2011
1892,FCEQN,FCEQN-6971,1,1.0,1995,2011
1893,FCEQN,FCEQN-6972,1,1.0,1995,2011
1894,FCEQN,FCEQN-6973,1,1.0,1994,2016
1895,FCEQN,FCEQN-6974,1,1.0,1955,2011
1896,FCEQN,FCEQN-6975,1,1.0,1995,2011
1897,FCEQN,FCEQN-6978,1,1.0,1995,2011
1898,FCEQN,FCEQN-6979,1,1.0,1994,2011
1899,FCEQN,FCEQN-4365,2,1.0,1989,2007
1900,FCEQN,FCEQN-4446,2,1.0,1989,2011
1901,FCEQN,FCEQN-5626,1,1.0,1993,2010
1902,FCEQN,FCEQN-6982,1,1.0,1993,2011
1903,FCEQN,FCEQN-6983,1,1.0,1992,2011
1904,FCEQN,FCEQN-6984,2,1.0,1994,2011
1905,FCEQN,FCEQN-6986,2,1.0,1995,2011
1906,FCEQN,FCEQN-6988,1,1.0,1994,2011
1907,FCEQN,FCEQN-6989,1,1.0,1994,2011
1908,FCEQN,FCEQN-6990,1,1.0,1993,2011
1909,FCEQN,FCEQN-6991,1,1.0,1994,2011
1910,FCEQN,FCEQN-6995,2,1.0,1995,2011
1911,FCEQN,FCEQN-6996,2,1.0,1994,2011
1912,FCEQN,FCEQN-6998,2,1.0,1994,2011
1913,FCEQN,FCEQN-7000,2,1.0,1994,2011
1914,FCEQN,FCEQN-7001,1,1.0,1990,2011
1915,FCEQN,FCEQN-7002,1,1.0,1995,2011
1916,FCEQN,FCEQN-7003,1,1.0,1993,2011
1917,FCEQN,FCEQN-7004,1,1.0,1995,2011
1918,FCEQN,FCEQN-7006,1,1.0,1994,2011
1919,FCEQN,FCEQN-7007,1,1.0,1995,2011
1920,FCEQN,FCEQN-7009,1,2.0,1990,2011
1921,FCEQN,FCEQN-7010,2,1.0,1991,2011
1922,FCEQN,FCEQN-7012,2,1.0,1982,2011
1923,FCEQN,FCEQN-7013,1,1.0,1992,2011
1924,FCEQN,FCEQN-7015,2,1.0,1995,2011
1925,FCEQN,FCEQN-7016,2,1.0,1995,2011
1926,FCEQN,FCEQN-7018,1,1.0,1994,2011
1927,FCEQN,FCEQN-7019,1,1.0,1994,2011
1928,FCEQN,FCEQN-7020,1,1.0,1994,2011
1929,FCEQN,FCEQN-7021,1,1.0,1995,2011
1930,FCEQN,FCEQN-7022,1,1.0,1994,2011
1931,FCEQN,FCEQN-7023,1,1.0,1994,2011
1932,FCEQN,FCEQN-7025,1,1.0,1994,2011
1933,FCEQN,FCEQN-7026,2,1.0,1994,2011
1934,FCEQN,FCEQN-7027,1,1.0,1993,2011
1935,FCEQN,FCEQN-7030,1,1.0,1992,2011
1936,FCEQN,FCEQN-7031,2,1.0,1995,2011
1937,FCEQN,FCEQN-7033,2,1.0,1993,2011
1938,FCEQN,FCEQN-7034,2,1.0,1994,2011
1939,FCEQN,FCEQN-7035,2,2.0,1994,2011
1940,FCEQN,FCEQN-7036,2,2.0,1987,2011
1941,FCEQN,FCEQN-7041,1,1.0,1994,2011
1942,FCEQN,FCEQN-7042,2,1.0,1982,2011
1943,FCEQN,FCEQN-7043,1,1.0,1993,2011
1944,FCEQN,FCEQN-7044,1,2.0,1995,2011
1945,FCEQN,FCEQN-7045,2,1.0,1988,2011
1946,FCEQN,FCEQN-7046,1,1.0,1994,2011
1947,FCEQN,FCEQN-7048,1,1.0,1972,2011
1948,FCEQN,FCEQN-7050,2,1.0,1990,2011
1949,FCEQN,FCEQN-7049,2,1.0,1994,2011
1950,FCEQN,FCEQN-7054,2,1.0,1994,2011
1951,FCEQN,FCEQN-7055,2,1.0,1995,2018
1952,FCEQN,FCEQN-7056,1,1.0,1991,2011
1953,FCEQN,FCEQN-7057,2,1.0,1991,2011
1954,FCEQN,FCEQN-7058,2,1.0,1994,2011
1955,FCEQN,FCEQN-7059,2,1.0,1994,2011
1956,FCEQN,FCEQN-7060,2,2.0,1995,2011
1957,FCEQN,FCEQN-7061,2,2.0,1994,2011
1958,FCEQN,FCEQN-7063,2,1.0,1990,2011
1959,FCEQN,FCEQN-7064,1,1.0,1993,2011
1960,FCEQN,FCEQN-7065,2,1.0,1993,2011
1961,FCEQN,FCEQN-7067,1,1.0,1995,2011
1962,FCEQN,FCEQN-7068,1,1.0,1994,2011
1963,FCEQN,FCEQN-7069,1,1.0,1995,2011
1964,FCEQN,FCEQN-7070,1,1.0,1992,2011
1965,FCEQN,FCEQN-7071,1,1.0,1995,2011
1966,FCEQN,FCEQN-7072,1,1.0,1994,2011
1967,FCEQN,FCEQN-7074,1,1.0,1994,2011
1968,FCEQN,FCEQN-7075,1,1.0,1965,2011
1969,FCEQN,FCEQN-7077,1,1.0,1115,2011
1970,FCEQN,FCEQN-7078,1,1.0,1993,2011
1971,FCEQN,FCEQN-7079,1,1.0,1993,2011
1972,FCEQN,FCEQN-7080,1,2.0,1994,2011
1973,FCEQN,FCEQN-7082,1,1.0,1994,2011
1974,FCEQN,FCEQN-7083,1,1.0,1994,2011
1975,FCEQN,FCEQN-7084,1,1.0,1994,2011
1976,FCEQN,FCEQN-7085,1,1.0,1994,2011
1977,FCEQN,FCEQN-7086,2,1.0,1988,2011
1978,FCEQN,FCEQN-5876,1,1.0,1991,2011
1979,FCEQN,FCEQN-4990,1,1.0,1992,2009
1980,FCEQN,FCEQN-7087,2,1.0,1992,2011
1981,FCEQN,FCEQN-7088,1,1.0,1995,2011
1982,FCEQN,FCEQN-7090,1,1.0,1994,2011
1983,FCEQN,FCEQN-7091,1,1.0,1989,2011
1984,FCEQN,FCEQN-7092,2,1.0,1995,2011
1985,FCEQN,FCEQN-7093,1,1.0,1993,2011
1986,FCEQN,FCEQN-7094,1,1.0,1993,2018
1987,FCEQN,FCEQN-7095,1,1.0,1987,2011
1988,FCEQN,FCEQN-7096,1,1.0,1988,2011
1989,FCEQN,FCEQN-7098,2,1.0,1994,2011
1990,FCEQN,FCEQN-7099,1,1.0,1994,2011
1991,FCEQN,FCEQN-7100,2,2.0,1994,2011
1992,FCEQN,FCEQN-7101,1,1.0,1993,2011
1993,FCEQN,FCEQN-7102,2,1.0,1993,2011
1994,FCEQN,FCEQN-7103,2,1.0,1989,2011
1995,FCEQN,FCEQN-7104,1,1.0,1987,2011
1996,FCEQN,FCEQN-7105,2,1.0,1994,2011
1997,FCEQN,FCEQN-7106,1,1.0,1995,2011
1998,FCEQN,FCEQN-7108,1,1.0,1992,2011
1999,FCEQN,FCEQN-7109,2,1.0,1989,2011
2000,FCEQN,FCEQN-5480,1,1.0,1993,2010
2001,FCEQN,FCEQN-7111,1,1.0,1992,2011
2002,FCEQN,FCEQN-7116,1,1.0,1995,2011
2003,FCEQN,FCEQN-7118,1,2.0,1991,2011
2004,FCEQN,FCEQN-7119,1,1.0,1994,2011
2005,FCEQN,FCEQN-7122,1,1.0,1995,2011
2006,FCEQN,FCEQN-7123,1,1.0,1992,2011
2007,FCEQN,FCEQN-7124,1,1.0,1995,2011
2008,FCEQN,FCEQN-7125,1,1.0,1994,2011
2009,FCEQN,FCEQN-6601,1,1.0,1994,2011
2010,FCEQN,FCEQN-7128,1,1.0,1994,2011
2011,FCEQN,FCEQN-7131,1,1.0,1994,2011
2012,FCEQN,FCEQN-7132,1,1.0,1995,2011
2013,FCEQN,FCEQN-7134,1,1.0,1989,2011
2014,FCEQN,FCEQN-7135,2,1.0,1994,2011
2015,FCEQN,FCEQN-7136,1,1.0,1995,2011
2016,FCEQN,FCEQN-7140,1,1.0,1991,2011
2017,FCEQN,FCEQN-7141,2,1.0,1994,2011
2018,FCEQN,FCEQN-7143,1,1.0,1995,2011
2019,FCEQN,FCEQN-7144,1,1.0,1993,2011
2020,FCEQN,FCEQN-7145,2,1.0,1993,2011
2021,FCEQN,FCEQN-7146,2,1.0,1994,2018
2022,FCEQN,FCEQN-7147,2,1.0,1991,2011
2023,FCEQN,FCEQN-7149,2,1.0,1980,2011
2024,FCEQN,FCEQN-7152,1,1.0,1994,2011
2025,FCEQN,FCEQN-7153,1,1.0,1994,2011
2026,FCEQN,FCEQN-7154,2,1.0,1995,2011
2027,FCEQN,FCEQN-7155,1,1.0,1994,2011
2028,FCEQN,FCEQN-7156,1,1.0,1994,2012
2029,FCEQN,FCEQN-7157,1,1.0,1993,2011
2030,FCEQN,FCEQN-6286,2,1.0,1993,2011
2031,FCEQN,FCEQN-7161,1,1.0,1995,2011
2032,FCEQN,FCEQN-7165,1,1.0,1993,2011
2033,FCEQN,FCEQN-7166,1,1.0,1994,2011
2034,FCEQN,FCEQN-7167,1,1.0,1992,2011
2035,FCEQN,FCEQN-7168,1,1.0,1994,2011
2036,FCEQN,FCEQN-7169,1,1.0,1993,2011
2037,FCEQN,FCEQN-7171,1,1.0,1991,2011
2038,FCEQN,FCEQN-7176,1,1.0,1995,2011
2039,FCEQN,FCEQN-7178,1,1.0,1995,2011
2040,FCEQN,FCEQN-7179,1,1.0,1994,2011
2041,FCEQN,FCEQN-7180,1,1.0,1995,2011
2042,FCEQN,FCEQN-7181,1,1.0,1993,2011
2043,FCEQN,FCEQN-7182,2,1.0,1996,2011
2044,FCEQN,FCEQN-7183,1,1.0,1993,2011
2045,FCEQN,FCEQN-7184,1,1.0,1978,2011
2046,FCEQN,FCEQN-7186,1,1.0,1993,2011
2047,FCEQN,FCEQN-7187,1,1.0,1992,2011
2048,FCEQN,FCEQN-7188,2,1.0,1994,2011
2049,FCEQN,FCEQN-7189,2,1.0,1990,2011
2050,FCEQN,FCEQN-7190,1,1.0,1995,2011
2051,FCEQN,FCEQN-7192,1,1.0,1993,2011
2052,FCEQN,FCEQN-7193,2,1.0,1992,2011
2053,FCEQN,FCEQN-7194,1,1.0,1993,2011
2054,FCEQN,FCEQN-7195,2,1.0,1994,2018
2055,FCEQN,FCEQN-7196,1,1.0,1994,2011
2056,FCEQN,FCEQN-7197,1,1.0,1993,2011
2057,FCEQN,FCEQN-7198,2,1.0,1994,2011
2058,FCEQN,FCEQN-7199,1,1.0,1994,2011
2059,FCEQN,FCEQN-7110,2,1.0,1994,2011
2060,FCEQN,FCEQN-7200,1,1.0,1987,2011
2061,FCEQN,FCEQN-7201,1,1.0,1993,2011
2062,FCEQN,FCEQN-7120,1,1.0,1994,2011
2063,FCEQN,FCEQN-7204,2,1.0,1994,2011
2064,FCEQN,FCEQN-7205,1,1.0,1994,2011
2065,FCEQN,FCEQN-7207,1,2.0,1993,2011
2066,FCEQN,FCEQN-7209,1,1.0,1995,2011
2067,FCEQN,FCEQN-7210,1,1.0,1994,2011
2068,FCEQN,FCEQN-7211,2,1.0,1994,2011
2069,FCEQN,FCEQN-7212,1,1.0,1990,2011
2070,FCEQN,FCEQN-7214,2,1.0,1995,2011
2071,FCEQN,FCEQN-7216,2,1.0,1970,2011
2072,FCEQN,FCEQN-7219,1,1.0,1987,2011
2073,FCEQN,FCEQN-7220,1,1.0,1993,2011
2074,FCEQN,FCEQN-7223,1,1.0,1994,2011
2075,FCEQN,FCEQN-7224,1,1.0,1988,2011
2076,FCEQN,FCEQN-604,2,1.0,1985,2003
2077,FCEQN,FCEQN-7227,1,1.0,1994,2011
2078,FCEQN,FCEQN-7228,1,1.0,1991,2011
2079,FCEQN,FCEQN-5034,1,1.0,1991,2009
2080,FCEQN,FCEQN-5010,2,1.0,1992,2011
2081,FCEQN,FCEQN-7229,1,1.0,1984,2011
2082,FCEQN,FCEQN-720,1,1.0,1983,2011
2083,FCEQN,FCEQN-6280,1,1.0,1994,2011
2084,FCEQN,FCEQN-6969,1,1.0,1994,2011
2085,FCEQN,FCEQN-7232,2,1.0,1983,2001
2086,FCEQN,FCEQN-7233,1,1.0,1995,2011
2087,FCEQN,FCEQN-7076,1,1.0,1115,2011
2088,FCEQN,FCEQN-7234,1,1.0,1995,2011
2089,FCEQN,FCEQN-6568,2,1.0,1995,2011
2090,FCEQN,FCEQN-5715,1,1.0,1993,2012
2091,FCEQN,FCEQN-7235,1,1.0,1995,2011
2092,FCEQN,FCEQN-7236,2,1.0,1994,2012
2093,FCEQN,FCEQN-6854,1,1.0,1995,2012
2094,FCEQN,FCEQN-5949,1,1.0,1993,2011
2095,FCEQN,FCEQN-6956,2,1.0,1995,2011
2096,FCEQN,FCEQN-7028,1,1.0,1995,2011
2097,FCEQN,FCEQN-6902,2,1.0,1994,2011
2098,FCEQN,FCEQN-7237,1,1.0,1995,2011
2099,FCEQN,FCEQN-7238,1,1.0,1995,2011
2100,FCEQN,FCEQN-7239,2,1.0,1992,2010
2101,FCEQN,FCEQN-7052,2,1.0,1994,2011
2102,FCEQN,FCEQN-7240,1,1.0,1995,2011
2103,FCEQN,FCEQN-7241,2,1.0,1995,2012
2104,FCEQN,FCEQN-6507,2,1.0,1995,2011
2105,FCEQN,FCEQN-6683,1,1.0,1994,2011
2106,FCEQN,FCEQN-6057,1,1.0,1994,2011
2107,FCEQN,FCEQN-7231,1,1.0,1992,2011
2108,FCEQN,FCEQN-6631,1,1.0,1994,2011
2109,FCEQN,FCEQN-6626,1,1.0,1994,2011
2110,FCEQN,FCEQN-6927,1,1.0,1994,2011
2111,FCEQN,FCEQN-6875,1,1.0,1994,2011
2112,FCEQN,FCEQN-6947,1,1.0,1993,2011
2113,FCEQN,FCEQN-6393,1,3.0,1992,2011
2114,FCEQN,FCEQN-6680,2,1.0,1994,2011
2115,FCEQN,FCEQN-7245,1,1.0,1991,2011
2116,FCEQN,FCEQN-6719,1,1.0,1995,2011
2117,FCEQN,FCEQN-6746,2,1.0,1994,2011
2118,FCEQN,FCEQN-7029,2,1.0,1994,2011
2119,FCEQN,FCEQN-6838,1,1.0,1994,2011
2120,FCEQN,FCEQN-6645,1,1.0,1995,2011
2121,FCEQN,FCEQN-6981,2,1.0,1995,2011
2122,FCEQN,FCEQN-6765,1,1.0,1995,2011
2123,FCEQN,FCEQN-7247,1,1.0,1994,2011
2124,FCEQN,FCEQN-6715,1,1.0,1991,2011
2125,FCEQN,FCEQN-6909,2,1.0,1992,2011
2126,FCEQN,FCEQN-7163,1,1.0,1992,2011
2127,FCEQN,FCEQN-6573,2,1.0,1994,2011
2128,FCEQN,FCEQN-2385,2,1.0,1989,2006
2129,FCEQN,FCEQN-6498,1,1.0,1995,2011
2130,FCEQN,FCEQN-6641,1,1.0,1994,2011
2131,FCEQN,FCEQN-7097,2,1.0,1994,2011
2132,FCEQN,FCEQN-6769,1,1.0,1995,2011
2133,FCEQN,FCEQN-7250,2,1.0,1995,2011
2134,FCEQN,FCEQN-6591,1,1.0,1994,2011
2135,FCEQN,FCEQN-6540,2,1.0,1995,2011
2136,FCEQN,FCEQN-7222,1,1.0,1995,2011
2137,FCEQN,FCEQN-6919,2,1.0,1995,2011
2138,FCEQN,FCEQN-6887,1,1.0,1995,2011
2139,FCEQN,FCEQN-6006,2,1.0,1993,2011
2140,FCEQN,FCEQN-6736,1,1.0,1994,2011
2141,FCEQN,FCEQN-6697,2,1.0,1993,2011
2142,FCEQN,FCEQN-6737,2,1.0,1994,2011
2143,FCEQN,FCEQN-6749,2,1.0,1995,2011
2144,FCEQN,FCEQN-6744,2,1.0,1994,2011
2145,FCEQN,FCEQN-6801,1,1.0,1992,2011
2146,FCEQN,FCEQN-7251,2,1.0,1994,2011
2147,FCEQN,FCEQN-6724,2,1.0,1995,2011
2148,FCEQN,FCEQN-6618,2,1.0,1994,2011
2149,FCEQN,FCEQN-7005,1,1.0,1995,2011
2150,FCEQN,FCEQN-6734,2,1.0,1995,2012
2151,FCEQN,FCEQN-6567,2,1.0,1992,2011
2152,FCEQN,FCEQN-6784,2,1.0,1994,2011
2153,FCEQN,FCEQN-5972,1,1.0,1994,2011
2154,FCEQN,FCEQN-6849,1,1.0,1994,2011
2155,FCEQN,FCEQN-6932,2,1.0,1994,2012
2156,FCEQN,FCEQN-6876,1,1.0,1991,2011
2157,FCEQN,FCEQN-6554,1,1.0,1995,2011
2158,FCEQN,FCEQN-6449,1,1.0,1994,2011
2159,FCEQN,FCEQN-6173,2,2.0,1991,2009
2160,FCEQN,FCEQN-7256,1,1.0,1995,2012
2161,FCEQN,FCEQN-7113,1,1.0,1994,2011
2162,FCEQN,FCEQN-6682,1,1.0,1993,2011
2163,FCEQN,FCEQN-7174,1,1.0,1995,2011
2164,FCEQN,FCEQN-6958,2,1.0,1995,2011
2165,FCEQN,FCEQN-6717,1,1.0,1989,2009
2166,FCEQN,FCEQN-6879,1,1.0,1994,2011
2167,FCEQN,FCEQN-7259,1,1.0,1995,2011
2168,FCEQN,FCEQN-6814,1,1.0,1994,2011
2169,FCEQN,FCEQN-7081,2,1.0,1994,2011
2170,FCEQN,FCEQN-7008,1,2.0,1994,2011
2171,FCEQN,FCEQN-7129,1,1.0,1994,2011
2172,FCEQN,FCEQN-6594,1,1.0,1994,2011
2173,FCEQN,FCEQN-6725,2,1.0,1994,2011
2174,FCEQN,FCEQN-6897,2,1.0,1994,2011
2175,FCEQN,FCEQN-6510,2,1.0,1995,2011
2176,FCEQN,FCEQN-7262,1,1.0,1994,2012
2177,FCEQN,FCEQN-7037,2,2.0,1994,2011
2178,FCEQN,FCEQN-7158,1,1.0,1992,2012
2179,FCEQN,FCEQN-6992,1,1.0,1995,2011
2180,FCEQN,FCEQN-6885,1,1.0,1995,2011
2181,FCEQN,FCEQN-6994,2,1.0,1994,2011
2182,FCEQN,FCEQN-6585,2,1.0,1994,2011
2183,FCEQN,FCEQN-7126,1,1.0,1994,2011
2184,FCEQN,FCEQN-7266,2,2.0,1994,2011
2185,FCEQN,FCEQN-7011,2,1.0,1990,2011
2186,FCEQN,FCEQN-6870,1,1.0,1994,2011
2187,FCEQN,FCEQN-7139,2,1.0,1995,2011
2188,FCEQN,FCEQN-733,2,1.0,1986,2003
2189,FCEQN,5003,2,1.0,1980,1997
2190,FCEQN,FCEQN-7268,1,1.0,1956,1974
2191,FCEQN,FCEQN-7270,2,1.0,1985,2002
2192,FCEQN,FCEQN-7272,1,1.0,1985,2002
2193,FCEQN,5606,1,1.0,1973,1994
2194,FCEQN,FCEQN-2127,1,1.0,1985,2005
2195,FCEQN,FCEQN-6597,1,1.0,1990,2011
2196,FCEQN,FCEQN-7264,1,1.0,1988,2011
2197,FCEQN,FCEQN-6589,2,1.0,1993,2011
2198,FCEQN,FCEQN-6553,1,1.0,1995,2011
2199,FCEQN,FCEQN-7164,1,1.0,1993,2011
2200,FCEQN,FCEQN-6596,1,1.0,1995,2011
2201,FCEQN,FCEQN-6288,1,1.0,1993,2011
2202,FCEQN,FCEQN-6106,2,1.0,1994,2011
2203,FCEQN,FCEQN-7215,1,1.0,1994,2011
2204,FCEQN,FCEQN-6620,1,1.0,1994,2011
2205,FCEQN,FCEQN-7172,1,1.0,1986,2011
2206,FCEQN,FCEQN-6604,1,1.0,1993,2011
2207,FCEQN,FCEQN-6797,1,1.0,1995,2011
2208,FCEQN,FCEQN-7242,1,1.0,1973,2011
2209,FCEQN,FCEQN-7121,1,1.0,1995,2011
2210,FCEQN,FCEQN-6695,1,1.0,1994,2011
2211,FCEQN,FCEQN-6987,2,1.0,1995,2011
2212,FCEQN,FCEQN-6953,2,1.0,1994,2011
2213,FCEQN,FCEQN-6557,1,1.0,1993,2011
2214,FCEQN,FCEQN-6534,2,1.0,1993,2011
2215,FCEQN,FCEQN-7254,1,1.0,1983,2011
2216,FCEQN,FCEQN-6841,1,1.0,1995,2011
2217,FCEQN,FCEQN-6767,1,1.0,1995,2011
2218,FCEQN,FCEQN-6666,1,1.0,1995,2011
2219,FCEQN,FCEQN-6798,1,1.0,1995,2011
2220,FCEQN,FCEQN-6705,1,1.0,1995,2011
2221,FCEQN,FCEQN-6977,1,1.0,1994,2011
2222,FCEQN,FCEQN-7127,2,1.0,1994,2011
2223,FCEQN,FCEQN-6270,1,1.0,1994,2011
2224,FCEQN,FCEQN-7148,2,1.0,1993,2011
2225,FCEQN,FCEQN-7246,1,1.0,1995,2011
2226,FCEQN,FCEQN-6565,1,1.0,1995,2011
2227,FCEQN,FCEQN-6245,2,1.0,1994,2011
2228,FCEQN,FCEQN-6997,1,1.0,1995,2012
2229,FCEQN,FCEQN-6649,2,1.0,1994,2011
2230,FCEQN,FCEQN-7260,2,1.0,1994,2011
2231,FCEQN,FCEQN-6612,1,1.0,1991,2011
2232,FCEQN,FCEQN-7173,1,1.0,1995,2011
2233,FCEQN,FCEQN-7051,1,1.0,1995,2011
2234,FCEQN,FCEQN-6793,1,1.0,1994,2011
2235,FCEQN,FCEQN-6881,1,1.0,1995,2011
2236,FCEQN,FCEQN-7213,1,1.0,1994,2011
2237,FCEQN,FCEQN-7133,1,1.0,1993,2011
2238,FCEQN,FCEQN-6614,2,1.0,1992,2011
2239,FCEQN,FCEQN-7117,1,1.0,1994,2011
2240,FCEQN,FCEQN-6955,1,1.0,1995,2011
2241,FCEQN,FCEQN-7263,2,1.0,1992,2011
2242,FCEQN,FCEQN-6624,1,1.0,1995,2011
2243,FCEQN,FCEQN-6796,2,1.0,1996,2011
2244,FCEQN,FCEQN-7217,1,1.0,1984,2011
2245,FCEQN,FCEQN-7160,2,1.0,1994,2011
2246,FCEQN,FCEQN-6690,1,1.0,1995,2011
2247,FCEQN,FCEQN-6824,2,1.0,1995,2011
2248,FCEQN,FCEQN-6772,1,1.0,1995,2011
2249,FCEQN,FCEQN-6657,1,1.0,1995,2011
2250,FCEQN,FCEQN-6795,1,1.0,1994,2011
2251,FCEQN,FCEQN-6763,1,1.0,1994,2011
2252,FCEQN,FCEQN-6607,2,1.0,1994,2011
2253,FCEQN,FCEQN-7142,1,1.0,1991,2011
2254,FCEQN,FCEQN-6993,1,1.0,1993,2011
2255,FCEQN,FCEQN-6747,2,1.0,1995,2011
2256,FCEQN,FCEQN-6696,2,1.0,1995,2011
2257,FCEQN,FCEQN-6936,1,1.0,1994,2011
2258,FCEQN,FCEQN-6681,2,1.0,1994,2011
2259,FCEQN,FCEQN-6602,1,1.0,1995,2011
2260,FCEQN,FCEQN-6852,1,1.0,1995,2011
2261,FCEQN,FCEQN-6232,1,1.0,1994,2011
2262,FCEQN,FCEQN-7024,1,1.0,1994,2011
2263,FCEQN,FCEQN-6636,1,1.0,1995,2011
2264,FCEQN,FCEQN-6658,2,1.0,1995,2011
2265,FCEQN,FCEQN-6671,1,1.0,1994,2011
2266,FCEQN,FCEQN-6622,1,1.0,1995,2011
2267,FCEQN,FCEQN-6856,1,1.0,1995,2011
2268,FCEQN,FCEQN-7040,2,1.0,1995,2011
2269,FCEQN,FCEQN-6850,1,1.0,1995,2011
2270,FCEQN,FCEQN-6742,1,1.0,1994,2011
2271,FCEQN,FCEQN-6519,1,1.0,1994,2011
2272,FCEQN,FCEQN-6766,1,1.0,1994,2011
2273,FCEQN,FCEQN-6643,1,1.0,1995,2011
2274,FCEQN,FCEQN-7073,1,1.0,1968,2011
2275,FCEQN,FCEQN-6700,2,1.0,1994,2011
2276,FCEQN,FCEQN-7265,1,1.0,1990,2011
2277,FCEQN,FCEQN-7114,1,1.0,1995,2011
2278,FCEQN,FCEQN-6635,2,1.0,1992,2011
2279,FCEQN,FCEQN-6781,1,1.0,1994,2011
2280,FCEQN,FCEQN-6547,1,1.0,1991,2012
2281,FCEQN,FCEQN-6931,1,1.0,1994,2011
2282,FCEQN,FCEQN-6764,1,1.0,1995,2011
2283,FCEQN,FCEQN-6616,1,1.0,1995,2011
2284,FCEQN,FCEQN-6839,1,1.0,1994,2011
2285,FCEQN,FCEQN-7252,2,1.0,1994,2011
2286,FCEQN,FCEQN-7255,1,1.0,1994,2011
2287,FCEQN,FCEQN-6866,1,1.0,1995,2011
2288,FCEQN,FCEQN-6632,1,1.0,1995,2012
2289,FCEQN,FCEQN-692,1,1.0,1985,2011
2290,FCEQN,FCEQN-6508,1,1.0,1995,2011
2291,FCEQN,FCEQN-6606,2,1.0,1995,2011
2292,FCEQN,FCEQN-6691,1,1.0,1994,2011
2293,FCEQN,FCEQN-7170,1,1.0,1994,2012
2294,FCEQN,FCEQN-7039,1,1.0,1956,1973
2295,FCEQN,FCEQN-3534,1,1.0,1990,2008
2296,FCEQN,FCEQN-6714,2,1.0,1995,2011
2297,FCEQN,FCEQN-6587,1,1.0,1994,2012
2298,FCEQN,FCEQN-6623,1,1.0,1995,2012
2299,FCEQN,FCEQN-7017,2,1.0,1996,2012
2300,FCEQN,FCEQN-6985,2,1.0,1995,2012
2301,FCEQN,FCEQN-7053,1,1.0,1994,2012
2302,FCEQN,FCEQN-6653,2,1.0,1995,2012
2303,FCEQN,FCEQN-6851,1,1.0,1986,2012
2304,FCEQN,FCEQN-6538,2,1.0,1995,2012
2305,FCEQN,FCEQN-6778,1,1.0,1995,2012
2306,FCEQN,FCEQN-1834,2,1.0,1988,2005
2307,FCEQN,FCEQN-6770,1,1.0,1994,2012
2308,FCEQN,FCEQN-6494,2,1.0,1996,2012
2309,FCEQN,FCEQN-7175,1,1.0,1995,2012
2310,FCEQN,FCEQN-7032,1,1.0,1995,2011
2311,FCEQN,FCEQN-7274,2,2.0,1968,2011
2312,FCEQN,FCEQN-7276,1,1.0,1985,2011
2313,FCEQN,FCEQN-6152,2,1.0,1993,2011
2314,FCEQN,FCEQN-1720,1,1.0,1986,2005
2315,FCEQN,FCEQN-7279,1,1.0,1992,2018
